# peak_position, peak_width, peak_intensity
2.719030513027278051e+00,8.633831488081584737e-01,1.714127578926669173e+02
2.901754244005033012e+00,6.243806945075515147e-01,2.323852662759364307e+02
2.869546347630143934e+00,7.249133336042228315e-01,2.111826727947525626e+02
2.830074476184460064e+00,8.125304208659652749e-01,1.917026383127394240e+02
2.786996702303634610e+00,8.646391858171588174e-01,1.827933582430767387e+02
2.747409769792232392e+00,8.609735834843633695e-01,1.775663972387521312e+02
2.710766291974806563e+00,8.397547254169211994e-01,1.774239850006712800e+02
2.678443388964546479e+00,8.041294832737108100e-01,1.826367239483677736e+02
2.649994062050803567e+00,7.688977846290118157e-01,1.919420079484862924e+02
2.624304744493865638e+00,7.305045090973804056e-01,2.057665062383737506e+02
2.960002096413310468e+00,5.218500356148891850e-01,2.941540612285197085e+02
2.942730651462566627e+00,5.486874617481575234e-01,2.692836930862718532e+02
2.918976115359680712e+00,5.964334736000245218e-01,2.532193141307952260e+02
2.892158551156313262e+00,6.568643458204516117e-01,2.276619790634871663e+02
2.859028775549384171e+00,7.435269295028344994e-01,2.045882147263807838e+02
2.818908602562508303e+00,8.252076510002186449e-01,1.890667128892685014e+02
2.778299488540068474e+00,8.604685891167587197e-01,1.814702893198214042e+02
2.740995527260559950e+00,8.547111921459706885e-01,1.787141930286021250e+02
2.705307087119071419e+00,8.270508237357662162e-01,1.806967442984108914e+02
2.675143226842132904e+00,7.975257109155671209e-01,1.887368580487801637e+02
2.647477901371805054e+00,7.549097287934013467e-01,1.968558250681543313e+02
2.622035463050890858e+00,7.143496916936519225e-01,2.080268718865167727e+02
2.599747464860141744e+00,6.730972610188713512e-01,2.187533299434117851e+02
2.983143397648869932e+00,4.898586306955209912e-01,3.295302806502268140e+02
2.970172448616028582e+00,5.086282692106006698e-01,3.074312472774612388e+02
2.953515581216905161e+00,5.358911698131919588e-01,2.874407808542003409e+02
2.935379631386031196e+00,5.679976635792913786e-01,2.677300702276576772e+02
2.911386998450055330e+00,6.183294320165492186e-01,2.460892548658910925e+02
3.005792319476014107e+00,8.354249352329408129e-01,2.458266285045058339e+02
2.846683995825415980e+00,7.779866092102152297e-01,2.004147583610928507e+02
2.808945594288180025e+00,8.221171647334554189e-01,1.856240998803963294e+02
2.770173419893505962e+00,8.482118133614378053e-01,1.782462043519304302e+02
2.733024344340720280e+00,8.487350007218253944e-01,1.781073276703446879e+02
2.699366967874945900e+00,8.253262733370742010e-01,1.828842960951236591e+02
2.669383686002378742e+00,7.842168133133311514e-01,1.879241668618526262e+02
2.643858209589779573e+00,7.416511795746244529e-01,1.969960673330967893e+02
2.620022584246956665e+00,7.036101647492930544e-01,2.093529373014845589e+02
2.598522188670690181e+00,6.753297247206546672e-01,2.228545886135759417e+02
2.999018246786315789e+00,4.605111740510964280e-01,3.780327510076660928e+02
2.990289825672757473e+00,4.797390781391175363e-01,3.512641449126547286e+02
2.979032562935337580e+00,5.005025884306291140e-01,3.270188051928619757e+02
2.965689678324756606e+00,5.203212356848843090e-01,3.042130297546081010e+02
2.949963428976236646e+00,5.487008934319097531e-01,2.855974620601273841e+02
2.929611045827313021e+00,5.839775594569712736e-01,2.622177584089565130e+02
2.905534302268014457e+00,6.292291467646319303e-01,2.362316490868663266e+02
2.874845154989336571e+00,7.003419652462935518e-01,2.112170757124415275e+02
2.836559437761538849e+00,7.889595108827663905e-01,1.938909954032117184e+02
2.797818309207151799e+00,8.354219344659109536e-01,1.823628529182521163e+02
2.760735318499651036e+00,8.429549535382800940e-01,1.756760244573387695e+02
2.725834112952591148e+00,8.390922907635557371e-01,1.771239514314434018e+02
2.693966931949467902e+00,8.092929804597337462e-01,1.814328660023652162e+02
2.666952977535343106e+00,7.676567287568417663e-01,1.864105090553848640e+02
2.642589552350572468e+00,7.289014242880028638e-01,1.959706386928226607e+02
2.618230551668419448e+00,7.034055834308909905e-01,2.094619826476542528e+02
2.596910626600699157e+00,6.801473843875812664e-01,2.247536537550655851e+02
3.018013537509044220e+00,2.517465765791023213e-01,5.826302706515800764e+02
3.003639940651566143e+00,4.422493973629209041e-01,3.974848149127137731e+02
2.996857184119143369e+00,4.691014109416873912e-01,3.658790721840229025e+02
2.987902100795273519e+00,4.866869200641255611e-01,3.434097984272568169e+02
2.975927899576994218e+00,5.065824271365175768e-01,3.216623624706068654e+02
2.962367600762978892e+00,5.281250601308263848e-01,2.981054222173054313e+02
2.946206954163284042e+00,5.588115593697341454e-01,2.738110569333145463e+02
2.926066802207037298e+00,5.937979136819230286e-01,2.466513765892387937e+02
2.900517632353920128e+00,6.515040838309287263e-01,2.253239570583339741e+02
2.865416372941748779e+00,7.439213296367026551e-01,2.060738419364169545e+02
2.828248727312506094e+00,7.956658435801787776e-01,1.869537714085632558e+02
2.787859459413948748e+00,8.461885507929495231e-01,1.819171271269750605e+02
2.751414396085731351e+00,8.489360022946869089e-01,1.764240939018299628e+02
2.718561585258908231e+00,8.355451492756517107e-01,1.757074892019714696e+02
2.689926617576658519e+00,7.927012460463820354e-01,1.786958478805177037e+02
2.664291935801477607e+00,7.649626996126236422e-01,1.864876143351530686e+02
2.639007321334284839e+00,7.321254861350680043e-01,1.957079903033405230e+02
2.616314797207531573e+00,6.972741758598564044e-01,2.061970230195289844e+02
2.594008793656465972e+00,6.705791829745118005e-01,2.168575196298903052e+02
3.027543269738174114e+00,7.914000835773322973e-02,1.619673969605193179e+03
3.026985175165862518e+00,1.239408986375091642e-01,1.006247879640144220e+03
3.010202330835221041e+00,3.909282474320434075e-01,4.447051203777086243e+02
3.002078436837073649e+00,4.564585958316483838e-01,3.866308616918695407e+02
2.994337242541774913e+00,4.770164843085809014e-01,3.585460221241130512e+02
2.984770042031968718e+00,4.912870171910104222e-01,3.280924095399470843e+02
2.973048003671796113e+00,5.111113338007413631e-01,3.068428887723388812e+02
2.959268326405531280e+00,5.363273818139324689e-01,2.862420488345017588e+02
2.943738317351433320e+00,5.642058006478620769e-01,2.640203792656830046e+02
2.921830920015615618e+00,6.152220016218848953e-01,2.438998472772496768e+02
2.894818407225048240e+00,6.818745528365731667e-01,2.192187778437302086e+02
2.858364420469124312e+00,7.719495969104781530e-01,1.995790919966132719e+02
2.821101952977619121e+00,8.156264132856673177e-01,1.844497910916863930e+02
2.779603217581437136e+00,8.479062214212578219e-01,1.755734502763758940e+02
2.745375736791923593e+00,8.400500935465265995e-01,1.707021446691613562e+02
2.712510717448223030e+00,8.119629216162814744e-01,1.725333983588005538e+02
2.687462963789954529e+00,7.791796833185609117e-01,1.774259291696777439e+02
2.658800246859415850e+00,7.496099805916203174e-01,1.829803412055829028e+02
2.634673989489947576e+00,7.259968586240926891e-01,1.930215374913794619e+02
2.612513864200826319e+00,6.945047656078436882e-01,2.027445169869263282e+02
2.589526278963250494e+00,6.738311590194984158e-01,2.016370662210407545e+02
3.029513620980360145e+00,7.406477490966380250e-02,1.877613002174627809e+03
3.029733010333199417e+00,8.878707567681183577e-02,1.399418409121308741e+03
3.023809843210485404e+00,2.438324700039133930e-01,6.049820037655481428e+02
3.009811004363587728e+00,4.379344671765999508e-01,4.085120196510571873e+02
3.002575109215036342e+00,4.639109264221590312e-01,3.752123106385710685e+02
2.994156026492023059e+00,4.820627155678131048e-01,3.486846891871632579e+02
2.982702955350202689e+00,4.991337478058227028e-01,3.251148990876425273e+02
2.970480647430593812e+00,5.168727986667702723e-01,2.990658364840159038e+02
2.955250226438327132e+00,5.435684186947594698e-01,2.751348816493512004e+02
2.939595161759933628e+00,5.755020982904079929e-01,2.519678800312026397e+02
2.919335417993772719e+00,6.207006484450336981e-01,2.299435420935008096e+02
2.891327795515777677e+00,6.997172052132402120e-01,2.099296822766464459e+02
2.855001009665765643e+00,7.795108933754651970e-01,1.914298969178715311e+02
2.817168237741626058e+00,8.245733334930566150e-01,1.781552374713916151e+02
2.777310032073087243e+00,8.310219510812087984e-01,1.702643857263838072e+02
2.740849870799312527e+00,8.377379881546375140e-01,1.712176802813574454e+02
2.708542117217108025e+00,8.151866683499412458e-01,1.707738160522339683e+02
2.679266133175248310e+00,7.883458375251924943e-01,1.746779294928584818e+02
2.652667602348337095e+00,7.554036081856723150e-01,1.781603133677908204e+02
2.630026470452100362e+00,7.300294943077927368e-01,1.885754552398660167e+02
2.609346485669086668e+00,6.993426117786862850e-01,1.898998529708330523e+02
3.030826964792145528e+00,6.786996095796826722e-02,2.514844469516682693e+03
3.031457923468110049e+00,7.094998481612248276e-02,2.143629873836820025e+03
3.031756648222699635e+00,7.701948886539899952e-02,1.727139198305409536e+03
3.032250391446516424e+00,1.105377968949488032e-01,1.110971639555817546e+03
3.017770116002437497e+00,3.758944859879229106e-01,4.546086597884614093e+02
3.010075970220142061e+00,4.528366389306046624e-01,3.891490518201167674e+02
3.004547481321690583e+00,4.671314247743154624e-01,3.545664434084358732e+02
2.995517995397920963e+00,4.858218433009032222e-01,3.362598720393050371e+02
2.985858245473508532e+00,5.022756224647824119e-01,3.085813930619596590e+02
2.970825900477803927e+00,5.251543218035871208e-01,2.906344408441738665e+02
2.964913480135932033e+00,5.284652590283981377e-01,2.580203802578783439e+02
2.936386700414792106e+00,5.886710476891335864e-01,2.471178101937755969e+02
2.914192717423752743e+00,6.424082531126265039e-01,2.246929501401207290e+02
2.896761049297883694e+00,6.458266957297835731e-01,1.875635990353117108e+02
2.852099997200646886e+00,7.778641274668368633e-01,1.851258296237494108e+02
2.814311779627490573e+00,8.254007329731869458e-01,1.768650048947846187e+02
2.777574439741527179e+00,8.525598405522725187e-01,1.707720568363861844e+02
2.742230519798165567e+00,8.389267262217166010e-01,1.668656743743380559e+02
2.709540560217333027e+00,8.114761944334898391e-01,1.681098822019786496e+02
2.679686329222418451e+00,7.783349406602504406e-01,1.697902574874300399e+02
2.651793376341317288e+00,7.580387816528139089e-01,1.765083965888427713e+02
2.629244962200624869e+00,7.245377971422185537e-01,1.749885116248970292e+02
2.602528938474679698e+00,7.066494515295946854e-01,1.798318649453644014e+02
3.032553512934275108e+00,6.599993627043398980e-02,2.780008026834240354e+03
3.033293916152467684e+00,6.873375734527920056e-02,2.404597063519589483e+03
3.033546119814000352e+00,7.288368365139157035e-02,2.000630641065151394e+03
3.034520555208379822e+00,8.208825398039489019e-02,1.538591741648787547e+03
3.030609150727171741e+00,2.132464575353932301e-01,6.683859550795600626e+02
3.017986342937046373e+00,4.298091981776656634e-01,4.104945794285395095e+02
3.012581023382647327e+00,4.586357537493597203e-01,3.742046651949019633e+02
3.005869947399403941e+00,4.756865881902809234e-01,3.464851128922680346e+02
2.999939018028110915e+00,4.901579106850298406e-01,3.183788967390805169e+02
2.987726029300169284e+00,5.093487381067182129e-01,3.010314067830816498e+02
2.975794223087520507e+00,5.303813148065674721e-01,2.765459229389999223e+02
2.960181054662551769e+00,5.600995104690816850e-01,2.558167378867722732e+02
2.940001005379281107e+00,5.939263303157128471e-01,2.330352598769809731e+02
2.915229304271311772e+00,6.478005106502154886e-01,2.148850769312730051e+02
2.884391132092406718e+00,7.301882198369460397e-01,1.971364672401483915e+02
2.850913234022268039e+00,7.894567241075137742e-01,1.819566764902703540e+02
2.817692958297799866e+00,8.325856663823951731e-01,1.748888562103394122e+02
2.783923280846152704e+00,8.327317911730107713e-01,1.678618092069973216e+02
2.750945930550093621e+00,8.285291954198493736e-01,1.672110377541555692e+02
2.720126063068214695e+00,8.034859808249296131e-01,1.653443121406046146e+02
2.688572877750865064e+00,7.793993508482840449e-01,1.663705746763547779e+02
2.663133163151433003e+00,7.531754888761080791e-01,1.659579322186946513e+02
2.636407158876147072e+00,7.266143022648662297e-01,1.706174006822307945e+02
3.035288732304895820e+00,6.413325378912691777e-02,3.021540458691865297e+03
3.035241517863847438e+00,6.671451685646477558e-02,2.651537567999566363e+03
3.036313894980882999e+00,7.018507906141349673e-02,2.262294356351669194e+03
3.037392050741096305e+00,7.541047118151696094e-02,1.837543416825895974e+03
3.039027193364863155e+00,1.012461420490859826e-01,1.226025773084925731e+03
3.026994663841554800e+00,3.473704973498215054e-01,4.793500906291288288e+02
3.021671489897961305e+00,4.479161117290914040e-01,3.929070227563345270e+02
3.016664902810826110e+00,4.666901536050964139e-01,3.638002100572954873e+02
3.010976924227539264e+00,4.812811312811953179e-01,3.359777498423586621e+02
3.002124565933556255e+00,4.963298370255304071e-01,3.111822908161425971e+02
2.992269064857236316e+00,5.152061384661984489e-01,2.900853328684161738e+02
2.979751374737069636e+00,5.364589206057870374e-01,2.682672204944679493e+02
2.965323087803701796e+00,5.658497429060580508e-01,2.465427558145015041e+02
2.945387294793815780e+00,6.114725144521925282e-01,2.252826627730781581e+02
2.920666545550694604e+00,6.704178313421580437e-01,2.043796126868640215e+02
2.885805780586511382e+00,7.622090081091372760e-01,1.888195763801099645e+02
2.853711522510112619e+00,8.065404158472695428e-01,1.745590332855566089e+02
2.820131652735631711e+00,8.396836996118435259e-01,1.708961501222252082e+02
2.790110516364966209e+00,8.354847088473112970e-01,1.674165325722653677e+02
2.758086132122747447e+00,8.214871189955195163e-01,1.654254255564923142e+02
2.729251665931022863e+00,7.982265014999359032e-01,1.664796523755192936e+02
2.704886626615204737e+00,7.696940117974256923e-01,1.646239387279647985e+02
2.676298664183026865e+00,7.430697171454508920e-01,1.670923965652575873e+02
3.038167102727312496e+00,6.179702019069151231e-02,3.327215555325560672e+03
3.038466356432955706e+00,6.483546729703081046e-02,2.914871263355498286e+03
3.038592044948911219e+00,6.811394416001916030e-02,2.519238503050091822e+03
3.039216949320132866e+00,7.193671035229701194e-02,2.107057389655059069e+03
3.040637468542795929e+00,7.772217685551566224e-02,1.657506522870388380e+03
3.039689915265549214e+00,1.837999358509794234e-01,7.461635123947511374e+02
3.027597200965018942e+00,4.233356017355091039e-01,4.224749531037829797e+02
3.024905347268993516e+00,4.567343243830461752e-01,3.799930509594763635e+02
3.020430833989278252e+00,4.729434680300548255e-01,3.528492065185378692e+02
3.014629815655867073e+00,4.862507769606930763e-01,3.252718105203231289e+02
3.007158645496459393e+00,5.007624828613216339e-01,3.001013823970284307e+02
2.996958190940231859e+00,5.185660707094880140e-01,2.799670041152867839e+02
2.984267004141127444e+00,5.399638079114992273e-01,2.534819245854656913e+02
2.970181079535986868e+00,5.687826484407340066e-01,2.333224027220430798e+02
2.951007131034896425e+00,6.166243114769797140e-01,2.134013120709065845e+02
2.926747892605699342e+00,6.885203338772714066e-01,1.932155847746431618e+02
2.892117948764154178e+00,7.907446721254125510e-01,1.759495980538619335e+02
2.857108547043680780e+00,8.319578496893856867e-01,1.631874526389251798e+02
2.824310366879411838e+00,8.392404287553062447e-01,1.580773882548560039e+02
2.790285800684264128e+00,8.450959878542805281e-01,1.594245043062144873e+02
2.762075200383737883e+00,8.267409446123398231e-01,1.596050517769029966e+02
2.736017895145658407e+00,7.899837578921630188e-01,1.553917624239565498e+02
2.703733972637883287e+00,7.801430586986572990e-01,1.579538851093986978e+02
3.399999999999851585e+00,5.953016425776627152e-01,6.782325992949850502e+01
3.040074632403598542e+00,5.961628239532615336e-02,3.591133043877785894e+03
3.040380493330543388e+00,6.262788015910795980e-02,3.179650705189813834e+03
3.040572848924572025e+00,6.596617093818081534e-02,2.772913583614484196e+03
3.041445266701362726e+00,6.946721140256274796e-02,2.353153873619015030e+03
3.042773600312110638e+00,7.405495361630434759e-02,1.929628281577679445e+03
3.045091667305518612e+00,9.097557949910013708e-02,1.346477055374381962e+03
3.036890574692382661e+00,3.165816285405065322e-01,5.060633803792516119e+02
3.032015424531068426e+00,4.416089744475803491e-01,3.956995491683185264e+02
3.028686841832773258e+00,4.610387889137950168e-01,3.642226854829527269e+02
3.025061788683073516e+00,4.729291183545191180e-01,3.340480297636590308e+02
3.019311669452527269e+00,4.909264030529011391e-01,3.116116152879727679e+02
3.011338046262686419e+00,5.061875782121647571e-01,2.903864119814080027e+02
3.000605745336470509e+00,5.227618047747779606e-01,2.681503526616183422e+02
2.989131781721857006e+00,5.464776406888920413e-01,2.451500074756104368e+02
2.975311264345709361e+00,5.813002654371978162e-01,2.275686365475985156e+02
2.956898393247043177e+00,6.256823398395232605e-01,2.069179379738903890e+02
2.931607886321619727e+00,7.153089701133946710e-01,1.863124292904909964e+02
2.899450732512283135e+00,8.150397513988435483e-01,1.651481185686920981e+02
2.863571392312960651e+00,8.676399073118198357e-01,1.529783144567071531e+02
2.827129388477853222e+00,8.926320632579819447e-01,1.485921558509207614e+02
2.798211449924413063e+00,8.689338639879055082e-01,1.457330460554408376e+02
2.763739262868303292e+00,8.231739981950185747e-01,1.398422592192361833e+02
2.734992342498907547e+00,8.153413908927706899e-01,1.427226194045691727e+02
3.399999999997346034e+00,8.104837658539839618e-01,4.542843740007061371e+01
3.041798768598257929e+00,5.727124409480174871e-02,3.869433197910580930e+03
3.042175027162007606e+00,6.048277779156096406e-02,3.443908991904513186e+03
3.042419239992037561e+00,6.390520860701727479e-02,3.014336885122202148e+03
3.043045284542810425e+00,6.726526817422386062e-02,2.606550523067661743e+03
3.044552661755794531e+00,7.101354040852989047e-02,2.178141894934391530e+03
3.046608687136270088e+00,7.581381687649522971e-02,1.741552914797305675e+03
3.048008849703582435e+00,1.491017901536774160e-01,8.569796251721485305e+02
3.037668809870877062e+00,4.063681919164337519e-01,4.280307628996477547e+02
3.036577328658659258e+00,4.504835007421789661e-01,3.793415353397664944e+02
3.033746437626752002e+00,4.647797743637659962e-01,3.492550009303249112e+02
3.029575794350818363e+00,4.790114532556294380e-01,3.239586812232817010e+02
3.023388066317973077e+00,4.935971672250211717e-01,3.018536980382688171e+02
3.015628678327282319e+00,5.114890224518034989e-01,2.811090737457102477e+02
3.007010264563734658e+00,5.278385523985459349e-01,2.576518507223625534e+02
2.996832288601339656e+00,5.485699378239582424e-01,2.346897739202324260e+02
2.982231688570222250e+00,5.796678675674903358e-01,2.180044704744113062e+02
2.965549885665573981e+00,6.256299606163276961e-01,1.983342807428473122e+02
2.942591213006435780e+00,7.054270869655712151e-01,1.760255283659631118e+02
2.908508831668322081e+00,8.291466034510275307e-01,1.570858224969439618e+02
2.873422325631743490e+00,8.867123623851164149e-01,1.426270065764325636e+02
2.835157791137135508e+00,9.108790302486675650e-01,1.364371085767130296e+02
2.794434583635002856e+00,9.052037466676766675e-01,1.274716897875964321e+02
2.761577877526164571e+00,8.953069391708944336e-01,1.286658306131111260e+02
3.043123790723943234e+00,5.507094542058268288e-02,4.104922554807899360e+03
3.043859958839420177e+00,5.802204344248169249e-02,3.683693411785829994e+03
3.044753552524405826e+00,6.170748752498592116e-02,3.272381275354833633e+03
3.045751615247602739e+00,6.514368637099587911e-02,2.839695370931029174e+03
3.046929787659911515e+00,6.876158580860826375e-02,2.422708404258789415e+03
3.048947986093781370e+00,7.306248772303246264e-02,1.999245263944780163e+03
3.052531496253150678e+00,8.350010230971488534e-02,1.468160718004344744e+03
3.047359086755200952e+00,2.762076646825291637e-01,5.408597977026188346e+02
3.042869896060321988e+00,4.344162571480751356e-01,3.932641111930183797e+02
3.041439186156378760e+00,4.580669777319050784e-01,3.638923036956284705e+02
3.039263346853241732e+00,4.692483041734248350e-01,3.353658829148661198e+02
3.035199991526580821e+00,4.822765509104297021e-01,3.105304290217201810e+02
3.029086513821839244e+00,4.983791352734019964e-01,2.912965155455480044e+02
3.023077851025192331e+00,5.126513215697141579e-01,2.679078095429921973e+02
3.014673279727924982e+00,5.302745419141446925e-01,2.475686344880231218e+02
3.004146432446380022e+00,5.532512964990786708e-01,2.264062478473436215e+02
2.990091380579445790e+00,5.776881814261826120e-01,2.067523674148668249e+02
2.974792087820928188e+00,6.255279694839290805e-01,1.880210975382536560e+02
2.952007846688233350e+00,7.217735512705090173e-01,1.681341394769973476e+02
2.920022811241508531e+00,8.532076474839263014e-01,1.486142450663968759e+02
2.884891528234670766e+00,9.170624445681564429e-01,1.355156348348483277e+02
2.862341111493867274e+00,9.943479879043873870e-01,8.579163661619398340e+01
2.800575931521466444e+00,9.509852072501788767e-01,1.224658516211217858e+02
3.047162305218901857e+00,5.223989064182774089e-02,3.477439277379101895e+03
3.048025071220828330e+00,5.512012271297999505e-02,3.132623038766664649e+03
3.048769136166655791e+00,5.873152184150940563e-02,2.815287755189518975e+03
3.049579132784726809e+00,6.235815279365956865e-02,2.442608071699805805e+03
3.050229298737664685e+00,6.575112843271441188e-02,1.963255741193507674e+03
3.052537309086793549e+00,7.013114475358335487e-02,1.823680796519608975e+03
3.055443685141778332e+00,7.441190197237554371e-02,1.517371905008256817e+03
3.058700696730977331e+00,1.229108930661105548e-01,8.358220534346429531e+02
3.050599133477700065e+00,3.765137029812907765e-01,3.833431086862743200e+02
3.049615861237305658e+00,4.451795266095014414e-01,3.467208579002992792e+02
3.048405410740242960e+00,4.609507386634074666e-01,3.340874813482044488e+02
3.044754068022104576e+00,4.716801588178704541e-01,3.198483477689738379e+02
3.041165561502660708e+00,4.858838645934843714e-01,2.965625147437060605e+02
3.036698995637077569e+00,4.937402545761105377e-01,2.775743224710369645e+02
3.032241119287327091e+00,5.147428104294339279e-01,2.535627352280890250e+02
3.022697357298655518e+00,5.358344704783440937e-01,2.374405876572986642e+02
3.013164288691625448e+00,5.565516405520956056e-01,2.174085031208095984e+02
3.000412830281395937e+00,5.824164225789308924e-01,1.976115779389467662e+02
2.987338677003066767e+00,6.183553087914697155e-01,1.797057017828844607e+02
2.965370749199618405e+00,7.162764024342721525e-01,1.589492982575613667e+02
2.931974067712550536e+00,8.881273550926683802e-01,1.393912674343038987e+02
2.897880512795974806e+00,9.651319030060395709e-01,1.251693920958943096e+02
2.864331062358617341e+00,9.973281284644754940e-01,1.174813225535137633e+02
3.059888284059020247e+00,5.091888612098215139e-02,3.637103666255780354e+03
3.060832820476232286e+00,5.352970971391678157e-02,3.266863589267576117e+03
3.061266952515219852e+00,5.674928064904330438e-02,2.922756122146254256e+03
3.062466192297658818e+00,6.043459070650948617e-02,2.597205803238266526e+03
3.063697354307771015e+00,6.419611203129435562e-02,2.250170123919366688e+03
3.065178952529910017e+00,6.800131107108513262e-02,1.898809391520410827e+03
3.067348161704388065e+00,7.237529781808445251e-02,1.574169897072302547e+03
3.071352133185577316e+00,8.229731377152674221e-02,1.142023252331008507e+03
3.067855025460158203e+00,2.659866271776933910e-01,4.152246195136161191e+02
3.066185952472539888e+00,4.273269817880401278e-01,2.991948366624205278e+02
3.065678590732180187e+00,4.492735196712994150e-01,2.704372236481901837e+02
3.064481605530408714e+00,4.601099319990047953e-01,2.523905567031690396e+02
3.062181865277092463e+00,4.736328869659509055e-01,2.350580978608005864e+02
3.058840792084991378e+00,4.848750820913552140e-01,2.169067413566901337e+02
3.055522199757108925e+00,4.944796512767311580e-01,1.973489529339754824e+02
3.048484783911080243e+00,5.112433787801088370e-01,1.844069300403042462e+02
3.041515157063907626e+00,5.252396822088314376e-01,1.638258703090631343e+02
3.035478201979920687e+00,5.435291332398891617e-01,1.395351893704697090e+02
3.029608291600018433e+00,5.746601600105862850e-01,1.132259627394359711e+02
3.048387134826965550e+00,6.958261567530293901e-01,7.140975600691275815e+01
3.343055923125092921e+00,9.999999999999998890e-01,4.616705015838432757e+01
3.399999999999998135e+00,9.999999999999736877e-01,2.971433453282165971e+01
2.882108654095534739e+00,8.211356098315687468e-01,4.389441423404025500e+02
3.073886640354704713e+00,5.217920991980661005e-02,3.425289414671831310e+03
3.074698078479354724e+00,5.519647133904123648e-02,3.082959232682981565e+03
3.075510313885259972e+00,5.871890379704217816e-02,2.739396773958208541e+03
3.076404655918446363e+00,6.250924616981273774e-02,2.382301359635807330e+03
3.078221440345084492e+00,6.635230427845152656e-02,2.051844099528376773e+03
3.080418461136101183e+00,7.040687006513482449e-02,1.716733220992950237e+03
3.083993826865522703e+00,7.417541837369086288e-02,1.386995273168673975e+03
3.086404570835463712e+00,1.399421201781877178e-01,6.468470618096590670e+02
3.081642707590833918e+00,3.870643834959245910e-01,3.164640747989683405e+02
3.082387684378514070e+00,4.421939188811920829e-01,2.778820462110612652e+02
3.081251986024583278e+00,4.556692608063280248e-01,2.580683230865963651e+02
3.080092659038024205e+00,4.629192541106044168e-01,2.343012606393095894e+02
3.077224321201937673e+00,4.774246701486691835e-01,2.226597234308315478e+02
3.074129305306241289e+00,4.866652676373357522e-01,2.046084080609238356e+02
3.070298541944446402e+00,5.018635112882369187e-01,1.885031055867444820e+02
3.062926900741138603e+00,5.192754759737046033e-01,1.781103186066264641e+02
3.057139775794965431e+00,5.272020451931607177e-01,1.614103766264394721e+02
3.048470273161490773e+00,5.400190236625722617e-01,1.475150718463683290e+02
3.036895198492636005e+00,5.716055384054810062e-01,1.346183174129683948e+02
3.023723312737187197e+00,5.976074186316567838e-01,1.195852802155301902e+02
3.004078740435017103e+00,6.677420104334017559e-01,1.072491810991578802e+02
3.086517329003088062e+00,5.086361710633001409e-02,3.533408645517522928e+03
3.087249060911581022e+00,5.370336790536832383e-02,3.192484944214748339e+03
3.088152283745285498e+00,5.707946100505330994e-02,2.856654866075223254e+03
3.089098362085246130e+00,6.077302581817646543e-02,2.541649811631877128e+03
3.090638682449220909e+00,6.463961892454297975e-02,2.192179012754103042e+03
3.092798711650558197e+00,6.868377628580431271e-02,1.847537193996040060e+03
3.095614753520602225e+00,7.294110539221147771e-02,1.514736034407609623e+03
3.100289502565743316e+00,8.504018687802918086e-02,1.028911271558484259e+03
3.097378837202159563e+00,2.853706388047725917e-01,3.786106397898066120e+02
3.098643412309952883e+00,4.282414300400487761e-01,2.827495195794338656e+02
3.097586995842166679e+00,4.506556983839706265e-01,2.647666771290782890e+02
3.096900946647483277e+00,4.619583029826899723e-01,2.467825547078884938e+02
3.096316955859427456e+00,4.700800546798640789e-01,2.272137108961814818e+02
3.093376147118751529e+00,4.783020954725327178e-01,2.094826206314759816e+02
3.090004619010023657e+00,4.893136174392496152e-01,1.937037599088126001e+02
3.085427316152315580e+00,5.001668187551793210e-01,1.789346272174813635e+02
3.079212730228620298e+00,5.098023545932216516e-01,1.633305586947543873e+02
3.074563783704322262e+00,5.225294244279800049e-01,1.507714667442590439e+02
3.063222765742085407e+00,5.310709336429703109e-01,1.369411387155858790e+02
3.052358655108328378e+00,5.737608812957890603e-01,1.252408575713644154e+02
3.039287767049660971e+00,6.290037414414030303e-01,1.122760782969049842e+02
3.100815198847934884e+00,5.231453686323687263e-02,3.355839724748532262e+03
3.102040086090485982e+00,5.551338780441666954e-02,3.006110785974003193e+03
3.103139416711490739e+00,5.912497655285283565e-02,2.651056038095457552e+03
3.104652798761429633e+00,6.308927653078240383e-02,2.308525615678757276e+03
3.107040595084756163e+00,6.707403116809095012e-02,1.985031765681252637e+03
3.109772699218879666e+00,7.145009394820280024e-02,1.653338521650983694e+03
3.113891565820289919e+00,7.439858466578433416e-02,1.329304143464754816e+03
3.117027911349551150e+00,1.608040343239493242e-01,5.711326252490314346e+02
3.115247958882694235e+00,3.918359542426804731e-01,3.038923618321555864e+02
3.116265490018502060e+00,4.380331727142740550e-01,2.677948179025231070e+02
3.115081404490100070e+00,4.538339906320171258e-01,2.519220244821806602e+02
3.114082869043951707e+00,4.598705817098097115e-01,2.301276947012825644e+02
3.112413415296237051e+00,4.664209670743262315e-01,2.136852289947391625e+02
3.111561870036370081e+00,4.728018807018781189e-01,1.963478188061240814e+02
3.107848508622050865e+00,4.837002560111570704e-01,1.844037915108097820e+02
3.103558436895441197e+00,4.949178379300912534e-01,1.715298856447149376e+02
3.098590745948613279e+00,5.071783763590931304e-01,1.570149304537120543e+02
3.090202800980950126e+00,5.256097939566178878e-01,1.451842887153727020e+02
3.081926420978444714e+00,5.565860543307500352e-01,1.303302512308949588e+02
3.115247985869162850e+00,5.410069471452107204e-02,3.143945069453548967e+03
3.116519760072898659e+00,5.751532302088543241e-02,2.784611224568654052e+03
3.118514399170398299e+00,6.142860896504050844e-02,2.466590864102597152e+03
3.120681469615721682e+00,6.554639240728449279e-02,2.138537432877094943e+03
3.123154597004755839e+00,6.980560485586413677e-02,1.808027436831477871e+03
3.126608704409052919e+00,7.386552921541519878e-02,1.485438198062052379e+03
3.131939221217229452e+00,9.027474707596210013e-02,9.399769981036885156e+02
3.130734876097688080e+00,2.861507958704793686e-01,3.655225947136717082e+02
3.132608264189187253e+00,4.194131214896402171e-01,2.736454561479793028e+02
3.131868525482035093e+00,4.421463392783683277e-01,2.550273441448443918e+02
3.384046644070077381e+00,2.917799895593541359e-01,6.866492307364418366e+02
3.131559772657589669e+00,4.568245578102685389e-01,2.205246095832084734e+02
3.130506118954228700e+00,4.652774256577864032e-01,2.064720111163476872e+02
3.128087570796013850e+00,4.731254037068851614e-01,1.910474678391463215e+02
3.123575767282739779e+00,4.835337830608081311e-01,1.772012715261834330e+02
3.120912759983405671e+00,4.948794389965910367e-01,1.632442739638413229e+02
3.115304301885628568e+00,5.058094744503216500e-01,1.502357729715864707e+02
3.129718019795773465e+00,5.597719339570048080e-02,2.929123747407072642e+03
3.131999581994527215e+00,5.982309777268571965e-02,2.607337320617763453e+03
3.134222631134417902e+00,6.394177428324498980e-02,2.279650616812098178e+03
3.136704508675751235e+00,6.810173244943161508e-02,1.954867158225748426e+03
3.139925171420042904e+00,7.251782979381996008e-02,1.625056128458172907e+03
3.144880069054849070e+00,7.477283209924374952e-02,1.275394145089528820e+03
3.148400899701162103e+00,1.671680848295268307e-01,5.399959682618683701e+02
3.148114319227746538e+00,3.822294308776909566e-01,2.951215603192099479e+02
3.148581411309145039e+00,4.306010026509304867e-01,2.634169239662264772e+02
3.149664194451591737e+00,4.404576111858195531e-01,2.419755084956860571e+02
3.149647979439103018e+00,4.473145360207899657e-01,2.247836088731206985e+02
3.149156514654667394e+00,4.557271931043093693e-01,2.126012186270629911e+02
3.148269179390643213e+00,4.630024556058352503e-01,1.967693737316675708e+02
3.146419090415053077e+00,4.696503919983578967e-01,1.813580402156565015e+02
3.143566253345898787e+00,4.813981601183711656e-01,1.682345246260352667e+02
3.145652356680506578e+00,5.824929805688171952e-02,2.750075021725047463e+03
3.147865463823469323e+00,6.217640695247558108e-02,2.418008108458783681e+03
3.150361661168378458e+00,6.644664687721382745e-02,2.070807675173386542e+03
3.153377963499683911e+00,7.080349027730060973e-02,1.732089951615174414e+03
3.157630566452247933e+00,7.448811916394861010e-02,1.452176526979261780e+03
3.163425720102607031e+00,9.222282168824505466e-02,9.059289111892164783e+02
3.163926462826311070e+00,2.724419926247902413e-01,3.627829689968862681e+02
3.165668990666608451e+00,4.111235585125276315e-01,2.711103375605669612e+02
3.166742896003174490e+00,4.310751460577723626e-01,2.485893536727110700e+02
3.167826930487217751e+00,4.360123827802584451e-01,2.286128263626340811e+02
3.167483706857764147e+00,4.445140850422769629e-01,2.126598107775828908e+02
3.167437448234208919e+00,4.494768283103776074e-01,1.964623705476008695e+02
3.167179315337627532e+00,4.574530323511603602e-01,1.837896420029513536e+02
3.163730485432330486e+00,6.464307760286222559e-02,2.238252519478384784e+03
3.166917566310231358e+00,6.905995468339311272e-02,1.908119348671650641e+03
3.170612312758543272e+00,7.340104466254580851e-02,1.588228702051149412e+03
3.175986493915929465e+00,7.583889199919061075e-02,1.247492593406338983e+03
3.180781122288890206e+00,1.497130106514521219e-01,5.617097862819284728e+02
3.180642606395180483e+00,3.560255061873472959e-01,2.928659080621741282e+02
3.182784720351575558e+00,4.186131183110294862e-01,2.528244546004222570e+02
3.184810010172847594e+00,4.272405188385183794e-01,2.347801293604504167e+02
3.185838998100935182e+00,4.350737753262101104e-01,2.198240013479575339e+02
3.195603052109824205e+00,8.890612350963233990e-02,9.333854449613769475e+02
