# peak_position, peak_width_max, peak_width_min, peak_intensity, num_of_peaks
2.324373984457205111e+00,1.235189289616528407e-01,8.049885374667863081e-02,3.663211203184528131e+02,2.000000000000000000e+00
2.324373984457205111e+00,1.235189289616528407e-01,8.049885374667863081e-02,3.663211203184528131e+02,2.000000000000000000e+00
2.319501657014016782e+00,1.365834854586052971e-01,7.853279095581118530e-02,4.075841250206732411e+02,2.000000000000000000e+00
2.317160846308868205e+00,1.247540480045835620e-01,7.684848961452064864e-02,4.274828148803931072e+02,2.000000000000000000e+00
2.316779572859027692e+00,1.014127789540545943e-01,7.415760156926748392e-02,4.224974135967343045e+02,2.000000000000000000e+00
2.315093687423035451e+00,9.360225513419528909e-02,7.259273772239953348e-02,4.517339578738888122e+02,2.000000000000000000e+00
2.313323832688301440e+00,8.661899174635701026e-02,7.134079146879797328e-02,4.855587167966418178e+02,2.000000000000000000e+00
2.311957747719286527e+00,8.170226203383237906e-02,7.002384879659960537e-02,5.157037746834954532e+02,2.000000000000000000e+00
2.310845709111749358e+00,7.858260249332180147e-02,6.901160386574128891e-02,5.481010714437784372e+02,2.000000000000000000e+00
2.309574840482902403e+00,7.717878560026582291e-02,6.784577704112798591e-02,5.805641308681067585e+02,2.000000000000000000e+00
2.332892233966379347e+00,1.328410590446946205e-01,9.223352663621199599e-02,3.431901242134309769e+02,2.000000000000000000e+00
2.328509329975471331e+00,1.268734794609796546e-01,8.710026286178695898e-02,3.496266487497308049e+02,2.000000000000000000e+00
2.324975419274086796e+00,1.218462983909361363e-01,8.295556730459492656e-02,3.566408389148040783e+02,2.000000000000000000e+00
2.321769845305666546e+00,1.166203358324574973e-01,8.030666895448970721e-02,3.712677498441651665e+02,2.000000000000000000e+00
2.318947291291016732e+00,1.098896009567258414e-01,7.839743472389895662e-02,3.903646779865192684e+02,2.000000000000000000e+00
2.316763248461192859e+00,1.031892692339929224e-01,7.700741681905039215e-02,4.097574069977112572e+02,2.000000000000000000e+00
2.314775508053149800e+00,9.608232343415207266e-02,7.529372028331381139e-02,4.351649907445641361e+02,2.000000000000000000e+00
2.313074484959797950e+00,9.021923594834925508e-02,7.329872225452244150e-02,4.575338110244923087e+02,2.000000000000000000e+00
2.311497501225231677e+00,8.570872683887509336e-02,7.212029538024758435e-02,4.835088375530336862e+02,2.000000000000000000e+00
2.310422300552364305e+00,8.248609804609931262e-02,7.056700948555819086e-02,5.126832510060376080e+02,2.000000000000000000e+00
2.309142524273293695e+00,8.073628878070594761e-02,6.914568252958200323e-02,5.404485691067850439e+02,2.000000000000000000e+00
2.307847822219680101e+00,7.970936225849306611e-02,6.793269756957606709e-02,5.657547087279646121e+02,2.000000000000000000e+00
2.306607998786954994e+00,7.912149486340072646e-02,6.665896798779957777e-02,5.980689425995053625e+02,2.000000000000000000e+00
2.339167296562587595e+00,1.455885146509721673e-01,1.038492091964622194e-01,3.233390498434085316e+02,2.000000000000000000e+00
2.333850466670248647e+00,1.324537964782415700e-01,9.551787039962555959e-02,3.258934867171479937e+02,2.000000000000000000e+00
2.329736312849467250e+00,1.257175320974859012e-01,8.970150948790144019e-02,3.354228832903802413e+02,2.000000000000000000e+00
2.326215829504088894e+00,1.205267633585134085e-01,8.554531090339645427e-02,3.440132992783236432e+02,2.000000000000000000e+00
2.322977108632295451e+00,1.154116667175700134e-01,8.234242588458498546e-02,3.564136229038993520e+02,2.000000000000000000e+00
2.319786547853178948e+00,1.099430856492765451e-01,8.009528081064928862e-02,3.721044326692398272e+02,2.000000000000000000e+00
2.317174048729350400e+00,1.040831749937920492e-01,7.827572076412006585e-02,3.905552483480795445e+02,2.000000000000000000e+00
2.314949205781215102e+00,9.837149047826281023e-02,7.704511286960305516e-02,4.094065039038720215e+02,2.000000000000000000e+00
2.313063211925913354e+00,9.328830689168200740e-02,7.629976448218175888e-02,4.264384829436555719e+02,2.000000000000000000e+00
2.311378300656607543e+00,8.922383002470653246e-02,7.441540396869043839e-02,4.512326949173892672e+02,2.000000000000000000e+00
2.309988720288998820e+00,8.599282029123259119e-02,7.266733508298189870e-02,4.751700182211474726e+02,2.000000000000000000e+00
2.308596036885170566e+00,8.393335809681988502e-02,7.094581105787170494e-02,4.976522444081383583e+02,2.000000000000000000e+00
2.307198472581860393e+00,8.278681442488314279e-02,6.947548770399940288e-02,5.187307382583499020e+02,2.000000000000000000e+00
2.305952527043062972e+00,8.218373418244531714e-02,6.838946127782546958e-02,5.388238175037303108e+02,2.000000000000000000e+00
2.304507233801188715e+00,8.211424255920540816e-02,6.710877181854521534e-02,5.516181990195634626e+02,2.000000000000000000e+00
2.344138850371073168e+00,1.871455357386021812e-01,1.202599601671122953e-01,2.950558420406152891e+02,2.000000000000000000e+00
2.339739935936760773e+00,1.582075626288770576e-01,1.092768114202402885e-01,2.981225723812335104e+02,2.000000000000000000e+00
2.334664598490917786e+00,1.392562547296338771e-01,9.894429529763841547e-02,3.023556105737245616e+02,2.000000000000000000e+00
2.330828610574791959e+00,1.297456492074182122e-01,9.414213821488380540e-02,3.102141514126095103e+02,2.000000000000000000e+00
2.327682963980639119e+00,1.228072976659302512e-01,8.939730364952896968e-02,3.172675372847860444e+02,2.000000000000000000e+00
2.324598873024885659e+00,1.164631379672377148e-01,8.559803612645866533e-02,3.301849871403861130e+02,2.000000000000000000e+00
2.321506241563011219e+00,1.109047542712951334e-01,8.207067600859103973e-02,3.472357135749227268e+02,2.000000000000000000e+00
2.318602357119371682e+00,1.051018270602400578e-01,7.989090921936654877e-02,3.638316701171709724e+02,2.000000000000000000e+00
2.316135373107211848e+00,9.968325098843336396e-02,7.833124525144434525e-02,3.791005433692997144e+02,2.000000000000000000e+00
2.313936778986284803e+00,9.513270628616594948e-02,7.674867642644545018e-02,3.980949810722669895e+02,2.000000000000000000e+00
2.311896853976411315e+00,9.155316749059362602e-02,7.600258355333784632e-02,4.128171046936184894e+02,2.000000000000000000e+00
2.310224534239423644e+00,8.935984238082289588e-02,7.518524153302798274e-02,4.298373182330162763e+02,2.000000000000000000e+00
2.308501032537635389e+00,8.780819823370762667e-02,7.397088339070763408e-02,4.471670665873579651e+02,2.000000000000000000e+00
2.306984581455124861e+00,8.686798549240598577e-02,7.225100745689987114e-02,4.622721514856701219e+02,2.000000000000000000e+00
2.305612537173562071e+00,8.631588485225467899e-02,7.054304303602450255e-02,4.748197825513598218e+02,2.000000000000000000e+00
2.305612537173562071e+00,8.631588485225467899e-02,7.054304303602450255e-02,4.748197825513598218e+02,2.000000000000000000e+00
2.302483553734720356e+00,8.879288070220568707e-02,6.829775506968269183e-02,4.777688495505526021e+02,2.000000000000000000e+00
2.344957148662661695e+00,2.576206997761449347e-01,1.386326750989472778e-01,2.421652163375753162e+02,2.000000000000000000e+00
2.343216002041207169e+00,2.185496311221792609e-01,1.259304725806945358e-01,2.613694647126646942e+02,2.000000000000000000e+00
2.339759978952611785e+00,1.832330719779537154e-01,1.162744776285430798e-01,2.650811448471622498e+02,2.000000000000000000e+00
2.335294635747428238e+00,1.566484233420183392e-01,1.051743786749608223e-01,2.689461474064060553e+02,2.000000000000000000e+00
2.331576049406753892e+00,1.404858286669291023e-01,9.787185196053670155e-02,2.757981112742249366e+02,2.000000000000000000e+00
2.328364896563683395e+00,1.303170372236052976e-01,9.261171661891810791e-02,2.900643800173697855e+02,2.000000000000000000e+00
2.325193736700117864e+00,1.226602454987519714e-01,8.898204191671743590e-02,3.052844845473331929e+02,2.000000000000000000e+00
2.322168671477164548e+00,1.156852289359249358e-01,8.514146230541412563e-02,3.202600194448939988e+02,2.000000000000000000e+00
2.319461482050622081e+00,1.091567135488000218e-01,8.228949143212505035e-02,3.422263208226784172e+02,2.000000000000000000e+00
2.317334160792154041e+00,1.033540252300783335e-01,8.013888776588978802e-02,3.553357657393203226e+02,2.000000000000000000e+00
2.315205867365960124e+00,9.794380847412897939e-02,7.807606476866822687e-02,3.726230656630812064e+02,2.000000000000000000e+00
2.312961467390068471e+00,9.377225544613132513e-02,7.675993894250279781e-02,3.896917105974059723e+02,2.000000000000000000e+00
2.310911935154443153e+00,9.099894116963747059e-02,7.577958020235957270e-02,4.027535551509392917e+02,2.000000000000000000e+00
2.308873333515421233e+00,9.002077232951832819e-02,7.495017389009191178e-02,4.183025568388015927e+02,2.000000000000000000e+00
2.306905940859174997e+00,8.973016682653235654e-02,7.397434664784492686e-02,4.286740833324282676e+02,2.000000000000000000e+00
2.305234198334768614e+00,9.018699640375332782e-02,7.337727168222639429e-02,4.330938465639918604e+02,2.000000000000000000e+00
2.303338835796151063e+00,9.129026025803009536e-02,7.214510011927381672e-02,4.415794029720484559e+02,2.000000000000000000e+00
2.301692338668059001e+00,9.522527468754819757e-02,7.163060357128915590e-02,4.486475611731606250e+02,2.000000000000000000e+00
2.300094439599033702e+00,1.042262565787535761e-01,7.122324418410107272e-02,4.362074305051079932e+02,2.000000000000000000e+00
2.341547288561804940e+00,3.012592775879673335e-01,1.627364360341489180e-01,1.743109190985886698e+02,2.000000000000000000e+00
2.341940190793787124e+00,2.856817687051900756e-01,1.507020817447492778e-01,2.029466710158700948e+02,2.000000000000000000e+00
2.341042718443242521e+00,2.563070217628427572e-01,1.333917914554837714e-01,2.283235834858604392e+02,2.000000000000000000e+00
2.338823359827131299e+00,2.173964400379285733e-01,1.234685880585240925e-01,2.393402071062969867e+02,2.000000000000000000e+00
2.335564689935813121e+00,1.852391038483222341e-01,1.130282896637298806e-01,2.381069277123944801e+02,2.000000000000000000e+00
2.332384187980158785e+00,1.585588294089985972e-01,1.034489771155488180e-01,2.442766889879904681e+02,2.000000000000000000e+00
2.329141022532935867e+00,1.449621820134074091e-01,9.671588103013782634e-02,2.577959204343239321e+02,2.000000000000000000e+00
2.325928889759206086e+00,1.340830242438924014e-01,9.245409140657609437e-02,2.739293822588847434e+02,2.000000000000000000e+00
2.323020503916617852e+00,1.255283857970518890e-01,8.849564875418206022e-02,2.890952500075337070e+02,2.000000000000000000e+00
2.320426730563129869e+00,1.176116449289711513e-01,8.480908382503828113e-02,3.066226160637640987e+02,2.000000000000000000e+00
2.318001871369447908e+00,1.105676970429448486e-01,8.241641462064949741e-02,3.241507385377063315e+02,2.000000000000000000e+00
2.315702075532820370e+00,1.043619831912149659e-01,7.997909431434330196e-02,3.399138805411026851e+02,2.000000000000000000e+00
2.313670325480045253e+00,9.917658242875766750e-02,7.816019105384748589e-02,3.542418522405523049e+02,2.000000000000000000e+00
2.311508174124384585e+00,9.540661592455355888e-02,7.679390533819666076e-02,3.714993955914190451e+02,2.000000000000000000e+00
2.309479088937151037e+00,9.330347104227332267e-02,7.547493781630812415e-02,3.874918068669761624e+02,2.000000000000000000e+00
2.307476056034732270e+00,9.242962525468322033e-02,7.437475632040185802e-02,3.986060568799686621e+02,2.000000000000000000e+00
2.305541354547768318e+00,9.309734543437064858e-02,7.390843456065560035e-02,4.035625188699598880e+02,2.000000000000000000e+00
2.303464428717931778e+00,9.583788064308733368e-02,7.325816989365714627e-02,4.084239877606405003e+02,2.000000000000000000e+00
2.301401711530281169e+00,1.016771211789915114e-01,7.268798230287838724e-02,4.102174952834820942e+02,2.000000000000000000e+00
2.299729278539098587e+00,1.111064929974981269e-01,7.245223908486560227e-02,4.104931779892270356e+02,2.000000000000000000e+00
2.299570810865067649e+00,1.210659012036652271e-01,7.222076281517618435e-02,3.962025112359291370e+02,2.000000000000000000e+00
2.454315367993856078e+00,4.326554234762099993e-01,4.326554234762099993e-01,2.106922452269871826e+02,1.000000000000000000e+00
2.336047927802319180e+00,3.061411519750162347e-01,1.598553613980728538e-01,1.692929511270741614e+02,2.000000000000000000e+00
2.336887262655293451e+00,2.894610192519963543e-01,1.478560509022049663e-01,1.939388163037336312e+02,2.000000000000000000e+00
2.336129650631828092e+00,2.589926378881815539e-01,1.321524489289433724e-01,2.149387169913386515e+02,2.000000000000000000e+00
2.334217371613075631e+00,2.239703798209342622e-01,1.228601393200265401e-01,2.219521103196882450e+02,2.000000000000000000e+00
2.332647321776793792e+00,1.922931930509270138e-01,1.126787607538976971e-01,2.236318070717115063e+02,2.000000000000000000e+00
2.327732087277065709e+00,1.911347260867863607e-01,9.926875694041227549e-02,2.286831143177957131e+02,2.000000000000000000e+00
2.320373334933711451e+00,2.411785178728684254e-01,8.587008369647596007e-02,2.215024124059148392e+02,2.000000000000000000e+00
2.318271218831971403e+00,2.057457972686521364e-01,8.668595732389906827e-02,2.507521370223921906e+02,2.000000000000000000e+00
2.316140643154755541e+00,1.804309416891150541e-01,8.865843534985043406e-02,2.842559292347377209e+02,2.000000000000000000e+00
2.314261309863954175e+00,1.614339791846286232e-01,8.843480004226564328e-02,3.056714860165484424e+02,2.000000000000000000e+00
2.314753630577359722e+00,1.239583433700564979e-01,8.463755909462779281e-02,3.244884768714248935e+02,2.000000000000000000e+00
2.313674970799285191e+00,1.084504663831371007e-01,8.041078652953446981e-02,3.303901213915527251e+02,2.000000000000000000e+00
2.311642903334894861e+00,1.032926247977099671e-01,7.862015989128294524e-02,3.436362390013796926e+02,2.000000000000000000e+00
2.309512887600047915e+00,1.002540177773379310e-01,7.695861215665053545e-02,3.591610801614647244e+02,2.000000000000000000e+00
2.307671639609324199e+00,9.876216291378560330e-02,7.556471565736404272e-02,3.739922104815955777e+02,2.000000000000000000e+00
2.305467687720315073e+00,9.925496071639521023e-02,7.508281744815069325e-02,3.854009555328640886e+02,2.000000000000000000e+00
2.303039894541024424e+00,1.022649973189035111e-01,7.423002382040655434e-02,3.969338534343018523e+02,2.000000000000000000e+00
2.300706761203608508e+00,1.075732485283233814e-01,7.407194292199983932e-02,4.021347293346879610e+02,2.000000000000000000e+00
2.299167522037351752e+00,1.152210211644737192e-01,7.387051988832618599e-02,4.094428052609610518e+02,2.000000000000000000e+00
2.299295282211093916e+00,1.229693447323422090e-01,7.371284571639874494e-02,3.922773222238081985e+02,2.000000000000000000e+00
2.444441162099607379e+00,4.356405271481581520e-01,4.356405271481581520e-01,1.866408740069839496e+02,1.000000000000000000e+00
2.448334592638556462e+00,4.384148467896390455e-01,4.384148467896390455e-01,2.012041803217703659e+02,1.000000000000000000e+00
2.324276440195174320e+00,3.321802114824471408e-01,1.698571765627422125e-01,1.297298214070822837e+02,2.000000000000000000e+00
2.327661435190963690e+00,3.161904283879050093e-01,1.576221932119685476e-01,1.562284607430869983e+02,2.000000000000000000e+00
2.330028815339315162e+00,2.988037464268224475e-01,1.476671551042344765e-01,1.816782780546436129e+02,2.000000000000000000e+00
2.330574153889452660e+00,2.698404444186954798e-01,1.327212415313235583e-01,2.040583281803908449e+02,2.000000000000000000e+00
2.330770330305826032e+00,2.363979586278618372e-01,1.226383313120051333e-01,2.071636849271098129e+02,2.000000000000000000e+00
2.322789207288314728e+00,3.235029715011037421e-01,8.817790072730885553e-02,1.566201376420315796e+02,2.000000000000000000e+00
2.319089272631355225e+00,3.039896253839680096e-01,8.335586695643529276e-02,1.701231745323455016e+02,2.000000000000000000e+00
2.315613283459620142e+00,2.804191885645184734e-01,8.151994872448402318e-02,1.900911039340554112e+02,2.000000000000000000e+00
2.313149066665051379e+00,2.437777678943269244e-01,8.211084034023953537e-02,2.268031652801873861e+02,2.000000000000000000e+00
2.312009203573046623e+00,2.016815880909246517e-01,8.425245086155624952e-02,2.667058270185160040e+02,2.000000000000000000e+00
2.311558542555651297e+00,1.656094394600202413e-01,8.768267361296601392e-02,2.978265438103825886e+02,2.000000000000000000e+00
2.310793543902535774e+00,1.384833762886958086e-01,8.651293550800619181e-02,3.207822535945368259e+02,2.000000000000000000e+00
2.309885943040650869e+00,1.222004823050552996e-01,8.289631259650591388e-02,3.378042607724107143e+02,2.000000000000000000e+00
2.308731748772413273e+00,1.112399502241460114e-01,7.947285467424154703e-02,3.463504837311244842e+02,2.000000000000000000e+00
2.306761190917577142e+00,1.086282265863234009e-01,7.802829269428337988e-02,3.588641962573078672e+02,2.000000000000000000e+00
2.304817871416549036e+00,1.083464742139462339e-01,7.682744173606737004e-02,3.689145515912733799e+02,2.000000000000000000e+00
2.302324219687413187e+00,1.102946345065460854e-01,7.608834327028309030e-02,3.780981901118535120e+02,2.000000000000000000e+00
2.300026562967193211e+00,1.141217083055048598e-01,7.593874616069930250e-02,3.884727476643975592e+02,2.000000000000000000e+00
2.298564087520535093e+00,1.183858264626643786e-01,7.567787934695723029e-02,4.016554435216082197e+02,2.000000000000000000e+00
2.298671684029037987e+00,1.221940402669636494e-01,7.533394697069741019e-02,4.028186248358297235e+02,2.000000000000000000e+00
2.297235779975531855e+00,1.809018564267909912e-01,7.465705106063885710e-02,2.529160614357051600e+02,2.000000000000000000e+00
2.437478556652235895e+00,4.353844475225798760e-01,4.353844475225798760e-01,1.787080320090773284e+02,1.000000000000000000e+00
2.441091832060995781e+00,4.419104850815195329e-01,4.419104850815195329e-01,1.935968409953104299e+02,1.000000000000000000e+00
2.445366107971692404e+00,4.466865365204386595e-01,4.466865365204386595e-01,2.076129515955914258e+02,1.000000000000000000e+00
2.314006584745166073e+00,3.485593900237627940e-01,1.771743426593364312e-01,1.189316799260600845e+02,2.000000000000000000e+00
2.318332646525059992e+00,3.280668908903980885e-01,1.667055944816193402e-01,1.463822412190450564e+02,2.000000000000000000e+00
2.322131742095582485e+00,3.124196014433560098e-01,1.492403508833053116e-01,1.683242737142742556e+02,2.000000000000000000e+00
2.324774913981443536e+00,2.898775182147353968e-01,1.341860108324157419e-01,1.917888398909164493e+02,2.000000000000000000e+00
2.320621189847939636e+00,4.738294940696320401e-01,8.186423543030836580e-02,1.172514819456664981e+02,2.000000000000000000e+00
2.323933362458094010e+00,2.280084300025970179e-01,1.136870696129201053e-01,2.045366019979240093e+02,2.000000000000000000e+00
2.319051584337725735e+00,2.383907934530105355e-01,9.858622089276797285e-02,1.949619681175712742e+02,2.000000000000000000e+00
2.318397182020413450e+00,1.904290899118007419e-01,9.710167747940115501e-02,2.149308122062205086e+02,2.000000000000000000e+00
2.316375580666017786e+00,1.686173883249348915e-01,9.371620611970560288e-02,2.298720712115340632e+02,2.000000000000000000e+00
2.312771918126359072e+00,1.731309002458391033e-01,8.878640979614690898e-02,2.501158272268059193e+02,2.000000000000000000e+00
2.312512974724949544e+00,1.440155572665681172e-01,8.732666344698762628e-02,2.645946101052113022e+02,2.000000000000000000e+00
2.310515652294161448e+00,1.339323281320521641e-01,8.402970185646628509e-02,2.871038964102421005e+02,2.000000000000000000e+00
2.308621535854964435e+00,1.267450390165689167e-01,8.211712261540506097e-02,3.062295690243985291e+02,2.000000000000000000e+00
2.306731445119802881e+00,1.223788802482568688e-01,8.054560714126782206e-02,3.220143219672941086e+02,2.000000000000000000e+00
2.304790518791256737e+00,1.198184019548897972e-01,7.922865249258848053e-02,3.363035387844574871e+02,2.000000000000000000e+00
2.302350150246954996e+00,1.199604246317769324e-01,7.825481444936931152e-02,3.499403376416157698e+02,2.000000000000000000e+00
2.299963354694944950e+00,1.212570047103302406e-01,7.819094179354768581e-02,3.646891971947768525e+02,2.000000000000000000e+00
2.298463399559956599e+00,1.227671108437450170e-01,7.759896409552680119e-02,3.814907953586102280e+02,2.000000000000000000e+00
2.298457428115245893e+00,1.238321993772519974e-01,7.701871101412788301e-02,3.889801047753125545e+02,2.000000000000000000e+00
2.298783522313077476e+00,1.422442791381232641e-01,7.873559268322605220e-02,2.997708598000677966e+02,2.000000000000000000e+00
2.432158609991569076e+00,4.368351301662090069e-01,4.368351301662090069e-01,1.668560667849924073e+02,1.000000000000000000e+00
2.435441075208637063e+00,4.452934538238632056e-01,4.452934538238632056e-01,1.789868170500847100e+02,1.000000000000000000e+00
2.439505298510569631e+00,4.489045717127777002e-01,4.489045717127777002e-01,1.922899902110904975e+02,1.000000000000000000e+00
2.443564497436895966e+00,4.518705526757905155e-01,4.518705526757905155e-01,2.040590425943463799e+02,1.000000000000000000e+00
2.448197117301902370e+00,4.538193044336918391e-01,4.538193044336918391e-01,2.159764220103369610e+02,1.000000000000000000e+00
2.308373196317516918e+00,3.503915161638064268e-01,1.663675555704648423e-01,1.221198007848838500e+02,2.000000000000000000e+00
2.314520314906982623e+00,3.328861994873544838e-01,1.489051221272098269e-01,1.458028203146129727e+02,2.000000000000000000e+00
2.318748271367764957e+00,3.085964692756553163e-01,1.381388228469076773e-01,1.713608541269999535e+02,2.000000000000000000e+00
2.319763242572102868e+00,2.810013932769687695e-01,1.277182887514737297e-01,1.906583577381734926e+02,2.000000000000000000e+00
2.319000785916597973e+00,2.542519542502407748e-01,1.185820424961198799e-01,1.950304918850172555e+02,2.000000000000000000e+00
2.318364273019070332e+00,2.289271156377231664e-01,1.097685895700984265e-01,1.957360249118555373e+02,2.000000000000000000e+00
2.316666500671745510e+00,2.044422287417913264e-01,1.029974755990247098e-01,1.978453487595224090e+02,2.000000000000000000e+00
2.314750389686877075e+00,1.845250532446122971e-01,9.608771222631468101e-02,2.032113278245082313e+02,2.000000000000000000e+00
2.312413623925775319e+00,1.715223632771795681e-01,9.153538294754259841e-02,2.163401680884992686e+02,2.000000000000000000e+00
2.310451364469274793e+00,1.594501850234642248e-01,8.825054863576649311e-02,2.341244060010257328e+02,2.000000000000000000e+00
2.308705955145485156e+00,1.492571697373626938e-01,8.561769188230368421e-02,2.522256084751290075e+02,2.000000000000000000e+00
2.306875626288101611e+00,1.407915184603605041e-01,8.369158228280673684e-02,2.749774405144288494e+02,2.000000000000000000e+00
2.304967037609635394e+00,1.357179007653049885e-01,8.161041041148713038e-02,2.934378704841768126e+02,2.000000000000000000e+00
2.302812172274397273e+00,1.323391327714292520e-01,8.064585402983028006e-02,3.104112083329548568e+02,2.000000000000000000e+00
2.300538111116328999e+00,1.311019577077181253e-01,8.013137088815110165e-02,3.297262456271436690e+02,2.000000000000000000e+00
2.299044531296158933e+00,1.298762654819164697e-01,7.902563917892536927e-02,3.475849767834321256e+02,2.000000000000000000e+00
2.298855460323604216e+00,1.284677118351441605e-01,7.849208094183074413e-02,3.623084015363691037e+02,2.000000000000000000e+00
2.300391685799453523e+00,1.300782596440331340e-01,7.916078097717126061e-02,3.396294848301674278e+02,2.000000000000000000e+00
2.429055482139340860e+00,4.397699304659665187e-01,4.397699304659665187e-01,1.518344484815275166e+02,1.000000000000000000e+00
2.431543219300686065e+00,4.485229135778373566e-01,4.485229135778373566e-01,1.657118608231092196e+02,1.000000000000000000e+00
2.435132783964420788e+00,4.524012585750216697e-01,4.524012585750216697e-01,1.771978704196537819e+02,1.000000000000000000e+00
2.439053738795399440e+00,4.583835815261901869e-01,4.583835815261901869e-01,1.882383732130155920e+02,1.000000000000000000e+00
2.441678137612560473e+00,4.598158558568773424e-01,4.598158558568773424e-01,1.987042579617570084e+02,1.000000000000000000e+00
2.446351920875997621e+00,4.643229970423318753e-01,4.643229970423318753e-01,2.103279831131100650e+02,1.000000000000000000e+00
2.452089905483208820e+00,4.614358558261496546e-01,4.614358558261496546e-01,2.240492962551248013e+02,1.000000000000000000e+00
2.305919605987087451e+00,3.528175731950511929e-01,1.531129933805650822e-01,1.233647957192663966e+02,2.000000000000000000e+00
2.311102121830018952e+00,3.329643014677348689e-01,1.419072206380814494e-01,1.468629004265154663e+02,2.000000000000000000e+00
2.313838507700210823e+00,3.097857463291256996e-01,1.309650361527545659e-01,1.690224484599280572e+02,2.000000000000000000e+00
2.314251658401586642e+00,2.841108718241073250e-01,1.223718822314646126e-01,1.797466132525210583e+02,2.000000000000000000e+00
2.314003021231657353e+00,2.596713769971577546e-01,1.128400461582798608e-01,1.865513285532874477e+02,2.000000000000000000e+00
2.313358544018148777e+00,2.349256166129598256e-01,1.060787834592355344e-01,1.882992628775776609e+02,2.000000000000000000e+00
2.312472505045955362e+00,2.096761849807101952e-01,1.001770127622365752e-01,1.917051938151134038e+02,2.000000000000000000e+00
2.310524804229911133e+00,1.912974956846492935e-01,9.417104866107788019e-02,1.987356156187654506e+02,2.000000000000000000e+00
2.308442716937717964e+00,1.791444993502060712e-01,9.050982803827420375e-02,2.116825665444759466e+02,2.000000000000000000e+00
2.306803299741009727e+00,1.672761763839905602e-01,8.787467687463740296e-02,2.273676243562308912e+02,2.000000000000000000e+00
2.304980942788594334e+00,1.578145431953831002e-01,8.489936920662895237e-02,2.485867765402545331e+02,2.000000000000000000e+00
2.303048211346803598e+00,1.505957988705204920e-01,8.342171834290243448e-02,2.706983591846930608e+02,2.000000000000000000e+00
2.301122692980662521e+00,1.455007845118711229e-01,8.223569866671924522e-02,2.893615706522634810e+02,2.000000000000000000e+00
2.299823231573734361e+00,1.417796827837327078e-01,8.177239473471605014e-02,3.084412744942066524e+02,2.000000000000000000e+00
2.299481467146641922e+00,1.385432597868954396e-01,8.064647701014171499e-02,3.278335422669348418e+02,2.000000000000000000e+00
2.300916127094225772e+00,1.413499201629241919e-01,8.227024097288539173e-02,3.070627538304450468e+02,2.000000000000000000e+00
nan,nan,nan,nan,0.000000000000000000e+00
2.427478615088408009e+00,4.388003407714199389e-01,4.388003407714199389e-01,1.392073313657857057e+02,1.000000000000000000e+00
2.429709018530465059e+00,4.533661062818852283e-01,4.533661062818852283e-01,1.501123334203577713e+02,1.000000000000000000e+00
2.433412483670867044e+00,4.570431799448353982e-01,4.570431799448353982e-01,1.613733420614759950e+02,1.000000000000000000e+00
2.436170423248626093e+00,4.629447732750268107e-01,4.629447732750268107e-01,1.717952733496875339e+02,1.000000000000000000e+00
2.439160299567662005e+00,4.662736334717695330e-01,4.662736334717695330e-01,1.822999906856893233e+02,1.000000000000000000e+00
2.441288105235775330e+00,4.695537597075147285e-01,4.695537597075147285e-01,1.933303284002459463e+02,1.000000000000000000e+00
2.445807208418675049e+00,4.691704895036925560e-01,4.691704895036925560e-01,2.045009161036522585e+02,1.000000000000000000e+00
2.450639625695499202e+00,4.691587591234266941e-01,4.691587591234266941e-01,2.178549865389628337e+02,1.000000000000000000e+00
2.454779033135564337e+00,4.697603337628196707e-01,4.697603337628196707e-01,2.306033770719309075e+02,1.000000000000000000e+00
2.301315494336551026e+00,3.595939286547886748e-01,1.427543541868587784e-01,1.186985368735938806e+02,2.000000000000000000e+00
2.306801480376458713e+00,3.350151520152295226e-01,1.376865761172826885e-01,1.458397478952169877e+02,2.000000000000000000e+00
2.309485102399615464e+00,3.145487084074886641e-01,1.257256838122752518e-01,1.606316570209884560e+02,2.000000000000000000e+00
2.310061928209411697e+00,2.917087487866071305e-01,1.154976669581575799e-01,1.698544821926199404e+02,2.000000000000000000e+00
2.310055828329682370e+00,2.683428644811355346e-01,1.101683390038280252e-01,1.750539547252716943e+02,2.000000000000000000e+00
2.309568499996612623e+00,2.431493551379433626e-01,1.040243735257850161e-01,1.819428598319722141e+02,2.000000000000000000e+00
2.308767223450638006e+00,2.190369846879909044e-01,9.896788655117341738e-02,1.867884900834536950e+02,2.000000000000000000e+00
2.307334624405012580e+00,1.995720758191921462e-01,9.370510447467367277e-02,1.941327194074197564e+02,2.000000000000000000e+00
2.305572883840215859e+00,1.872475972000714473e-01,9.061796512032067874e-02,2.049757152880279989e+02,2.000000000000000000e+00
2.303620928173319982e+00,1.763399335934876799e-01,8.814085372066490787e-02,2.247481775518808433e+02,2.000000000000000000e+00
2.302041284121779441e+00,1.673964901448304621e-01,8.644325870595158390e-02,2.429589509184204417e+02,2.000000000000000000e+00
2.300747810300196594e+00,1.614226613525705789e-01,8.459367585583224547e-02,2.624625892654598260e+02,2.000000000000000000e+00
2.300479185982459818e+00,1.565488381638767967e-01,8.424078197628569187e-02,2.807443731468368355e+02,2.000000000000000000e+00
2.303467814411222836e+00,1.822737572990768551e-01,9.010653451207645270e-02,2.554900192908660301e+02,2.000000000000000000e+00
nan,nan,nan,nan,0.000000000000000000e+00
2.427222743448367304e+00,4.505055638853233679e-01,4.505055638853233679e-01,1.243688664511303301e+02,1.000000000000000000e+00
2.430140335825359710e+00,4.594620051610525113e-01,4.594620051610525113e-01,1.336598973413854026e+02,1.000000000000000000e+00
2.433922071004493759e+00,4.676615086393731691e-01,4.676615086393731691e-01,1.455286271197400652e+02,1.000000000000000000e+00
2.436899159731933828e+00,4.712785265069161511e-01,4.712785265069161511e-01,1.548237078824195123e+02,1.000000000000000000e+00
2.438745507800450074e+00,4.752346470520672495e-01,4.752346470520672495e-01,1.649335885006095452e+02,1.000000000000000000e+00
2.440108566363510256e+00,4.787938363412775900e-01,4.787938363412775900e-01,1.760629397804957819e+02,1.000000000000000000e+00
2.443061852673072742e+00,4.835302103240760041e-01,4.835302103240760041e-01,1.864800619839429601e+02,1.000000000000000000e+00
2.445882180361679925e+00,4.829600801995065917e-01,4.829600801995065917e-01,1.973047121601238985e+02,1.000000000000000000e+00
2.448337011258029605e+00,4.806547555755881773e-01,4.806547555755881773e-01,2.060900982752683888e+02,1.000000000000000000e+00
2.451387783226339323e+00,4.802148127654928822e-01,4.802148127654928822e-01,2.178359958144634163e+02,1.000000000000000000e+00
2.292782672496969543e+00,4.312463980131573948e-01,9.344074309493650976e-02,5.497894779747203842e+01,2.000000000000000000e+00
2.297535068215581511e+00,3.629016690184637683e-01,1.424916420732112721e-01,1.178739389260060051e+02,2.000000000000000000e+00
2.303044602254805451e+00,3.422803767774504347e-01,1.327226930596755727e-01,1.390692314815623547e+02,2.000000000000000000e+00
2.305078091098403448e+00,3.229435788221039494e-01,1.230871232570934920e-01,1.544010618117994227e+02,2.000000000000000000e+00
2.306108737017542154e+00,2.998853706644076245e-01,1.164232599842517923e-01,1.648526979702981237e+02,2.000000000000000000e+00
2.305639185603538088e+00,2.803808584796321779e-01,1.092292327726555601e-01,1.697365168205401460e+02,2.000000000000000000e+00
2.305761357646290310e+00,2.563264885264979198e-01,1.041230119299825646e-01,1.786991247706198180e+02,2.000000000000000000e+00
2.305472916359651681e+00,2.327838632247576367e-01,9.990665853582567091e-02,1.858350024573528003e+02,2.000000000000000000e+00
2.304590572395866843e+00,2.098983033674617638e-01,9.454008641094034660e-02,1.938257062254567984e+02,2.000000000000000000e+00
2.302868654394794490e+00,1.988792448133864244e-01,9.100089731304403240e-02,2.093883866530972000e+02,2.000000000000000000e+00
2.301438583385158498e+00,1.886711317215198636e-01,8.874299319528755614e-02,2.248866286612786496e+02,2.000000000000000000e+00
2.301174894428068107e+00,1.821175866113949882e-01,8.777053152705881212e-02,2.410140451362725855e+02,2.000000000000000000e+00
2.303547180633677804e+00,2.230307886986580279e-01,9.556472153581402340e-02,2.269152467289672188e+02,2.000000000000000000e+00
2.427567721300647019e+00,4.656747554165059366e-01,4.656747554165059366e-01,1.123588889568178928e+02,1.000000000000000000e+00
2.432421582112728409e+00,4.714464812983056863e-01,4.714464812983056863e-01,1.208259041334677732e+02,1.000000000000000000e+00
2.436085785456583164e+00,4.822077150758686259e-01,4.822077150758686259e-01,1.290515446745483814e+02,1.000000000000000000e+00
2.439653408229935039e+00,4.891540245576246893e-01,4.891540245576246893e-01,1.389546401772937543e+02,1.000000000000000000e+00
2.440860125668606884e+00,4.926145589149413806e-01,4.926145589149413806e-01,1.505167740891822632e+02,1.000000000000000000e+00
2.442405634898726863e+00,5.016747495691372682e-01,5.016747495691372682e-01,1.598610114702240139e+02,1.000000000000000000e+00
2.443981529733585401e+00,4.923783876407623605e-01,4.923783876407623605e-01,1.704080182890882327e+02,1.000000000000000000e+00
2.444951656309512611e+00,4.928629981615022526e-01,4.928629981615022526e-01,1.794274047620003500e+02,1.000000000000000000e+00
2.445741725820039569e+00,4.937927066836382273e-01,4.937927066836382273e-01,1.903261756639747659e+02,1.000000000000000000e+00
2.447159976467737419e+00,4.926332445968880092e-01,4.926332445968880092e-01,2.004914689573092801e+02,1.000000000000000000e+00
2.449487481934391919e+00,4.904532312563097407e-01,4.904532312563097407e-01,2.113467801590566353e+02,1.000000000000000000e+00
2.451345317901034271e+00,4.901111685413439556e-01,4.901111685413439556e-01,2.220505665057258966e+02,1.000000000000000000e+00
2.289507117656290891e+00,4.390187054995856042e-01,9.099715522286350167e-02,5.489114025630353666e+01,2.000000000000000000e+00
2.293792401929990454e+00,3.732205273620044506e-01,1.347226580280205255e-01,1.125165756449407013e+02,2.000000000000000000e+00
2.298189890876986219e+00,3.517704084863158553e-01,1.297418139117010594e-01,1.333150319532190906e+02,2.000000000000000000e+00
2.301121974059381792e+00,3.332703980518193498e-01,1.213792475884306055e-01,1.500063871162098224e+02,2.000000000000000000e+00
2.302193763410181226e+00,3.139954272560929183e-01,1.153007477865929248e-01,1.626662127967900346e+02,2.000000000000000000e+00
2.301987126364335445e+00,2.964053151057097768e-01,1.094633281627444971e-01,1.694832422453573031e+02,2.000000000000000000e+00
2.301917690681471562e+00,2.774348580559884980e-01,1.051369997932617567e-01,1.787431963126084895e+02,2.000000000000000000e+00
2.301887166286513686e+00,2.557122188017392217e-01,1.010339975584507582e-01,1.924777702251427911e+02,2.000000000000000000e+00
2.301472138938271517e+00,2.359640265351382327e-01,9.808588159063839906e-02,2.069613572495881897e+02,2.000000000000000000e+00
2.301827818182922147e+00,2.183391198283246015e-01,9.387188252843987890e-02,2.208639408779014843e+02,2.000000000000000000e+00
2.302747558517957316e+00,2.182442806375708422e-01,9.509447611505335296e-02,2.339147308989686280e+02,2.000000000000000000e+00
2.428431448881801735e+00,4.880269598476556503e-01,4.880269598476556503e-01,1.024043925666305768e+02,1.000000000000000000e+00
2.434517375131909134e+00,5.042188318657088164e-01,5.042188318657088164e-01,1.088347330019357315e+02,1.000000000000000000e+00
2.440244779102927364e+00,5.182790286763718779e-01,5.182790286763718779e-01,1.165473916855101351e+02,1.000000000000000000e+00
2.444783348003093604e+00,5.209496798539572371e-01,5.209496798539572371e-01,1.243494913190377105e+02,1.000000000000000000e+00
2.447307925070790091e+00,5.274209227125308264e-01,5.274209227125308264e-01,1.333655794112421233e+02,1.000000000000000000e+00
2.448601070312236061e+00,5.230151052640711340e-01,5.230151052640711340e-01,1.429874748064861478e+02,1.000000000000000000e+00
2.448871995209914498e+00,5.167219050676993275e-01,5.167219050676993275e-01,1.531259320940277462e+02,1.000000000000000000e+00
2.448071503449368524e+00,5.127300628112092529e-01,5.127300628112092529e-01,1.626548168805649084e+02,1.000000000000000000e+00
2.446311158850670964e+00,5.153094301343262851e-01,5.153094301343262851e-01,1.732866476275152650e+02,1.000000000000000000e+00
2.445764957115920346e+00,5.110638497217681042e-01,5.110638497217681042e-01,1.835875009710559880e+02,1.000000000000000000e+00
2.445198323190157730e+00,5.097233982286928367e-01,5.097233982286928367e-01,1.931248363652038336e+02,1.000000000000000000e+00
2.444649106433132157e+00,5.074935638484272538e-01,5.074935638484272538e-01,2.030416662483915218e+02,1.000000000000000000e+00
2.450243465476132698e+00,4.964602191436265355e-01,4.964602191436265355e-01,2.128699427703228650e+02,1.000000000000000000e+00
2.452548403477325056e+00,4.929102450695481696e-01,4.929102450695481696e-01,2.251776910957535165e+02,1.000000000000000000e+00
2.285602054725556442e+00,4.439286357362043911e-01,9.065933935935331645e-02,5.515019683545879303e+01,2.000000000000000000e+00
2.287976563873550528e+00,3.840404389440923438e-01,1.320240099621471375e-01,1.065136323611467475e+02,2.000000000000000000e+00
2.292589997945283287e+00,3.617122119607583675e-01,1.275009631348431594e-01,1.257636135236419506e+02,2.000000000000000000e+00
2.295953331643885598e+00,3.468231337343901655e-01,1.216765171081228558e-01,1.436225802596098049e+02,2.000000000000000000e+00
2.296924748267793248e+00,3.327214346828050173e-01,1.166120030621973502e-01,1.559062763672019685e+02,2.000000000000000000e+00
2.297688413247331862e+00,3.174278097706143553e-01,1.125844870985929641e-01,1.711374148016202810e+02,2.000000000000000000e+00
2.298171327244365791e+00,3.028074494488974255e-01,1.094062825710993558e-01,1.870057138015943394e+02,2.000000000000000000e+00
2.298607114148560449e+00,2.905877237572175864e-01,1.059201166573035813e-01,2.047784245997454207e+02,2.000000000000000000e+00
2.299519892021274270e+00,2.941969082356494236e-01,1.133084248736518779e-01,2.372787389121072010e+02,2.000000000000000000e+00
2.428884555699056591e+00,5.437830195596309313e-01,5.437830195596309313e-01,9.109775762730238569e+01,1.000000000000000000e+00
2.438117216648977514e+00,5.533291845364687322e-01,5.533291845364687322e-01,9.731816127620741952e+01,1.000000000000000000e+00
2.444036275426350269e+00,5.580300532925347445e-01,5.580300532925347445e-01,1.050051187635260277e+02,1.000000000000000000e+00
2.450129506409141289e+00,5.579189372730044560e-01,5.579189372730044560e-01,1.116571569321547202e+02,1.000000000000000000e+00
2.454037126899010435e+00,5.573432447449807592e-01,5.573432447449807592e-01,1.196443111079399841e+02,1.000000000000000000e+00
2.456826739582773644e+00,5.545439821105906386e-01,5.545439821105906386e-01,1.279628458101930448e+02,1.000000000000000000e+00
2.457823116578211842e+00,5.502469366122032524e-01,5.502469366122032524e-01,1.355765520019125461e+02,1.000000000000000000e+00
2.456601435549889079e+00,5.455479728169366771e-01,5.455479728169366771e-01,1.463502248232299223e+02,1.000000000000000000e+00
2.453275283221546310e+00,5.425553700123303402e-01,5.425553700123303402e-01,1.555823864205808889e+02,1.000000000000000000e+00
2.450600940791881399e+00,5.401418460471724137e-01,5.401418460471724137e-01,1.656974163857775295e+02,1.000000000000000000e+00
2.448284632643924486e+00,5.349592990139879767e-01,5.349592990139879767e-01,1.754898785753080688e+02,1.000000000000000000e+00
2.448934535717784300e+00,5.246335141694723481e-01,5.246335141694723481e-01,1.848958220241396759e+02,1.000000000000000000e+00
2.447660981848630790e+00,5.155423036949670079e-01,5.155423036949670079e-01,1.932230311795577506e+02,1.000000000000000000e+00
2.448024102150442527e+00,5.131702414609395912e-01,5.131702414609395912e-01,2.026712042662962858e+02,1.000000000000000000e+00
2.450456560132343142e+00,5.068313437092699658e-01,5.068313437092699658e-01,2.124371833206007807e+02,1.000000000000000000e+00
2.451047478308975069e+00,5.013516105458145633e-01,5.013516105458145633e-01,2.278458135107119915e+02,1.000000000000000000e+00
2.280781954041829707e+00,4.510060184235091807e-01,9.400587699024758048e-02,5.618557384358380347e+01,2.000000000000000000e+00
2.281703953870404256e+00,4.050749839974236433e-01,1.198268147374202536e-01,9.607876358623708768e+01,2.000000000000000000e+00
2.284100961077470071e+00,3.790252865376859681e-01,1.302919432960537027e-01,1.193104389390221058e+02,2.000000000000000000e+00
2.287260961940260628e+00,3.628145514387191573e-01,1.249284757522107076e-01,1.381996843105119126e+02,2.000000000000000000e+00
2.288816045893248496e+00,3.510383780569983903e-01,1.213507065027893961e-01,1.560559180797431225e+02,2.000000000000000000e+00
2.290631269640226453e+00,3.426062952662871641e-01,1.204848048471913596e-01,1.742539823598739019e+02,2.000000000000000000e+00
2.281852150219088937e+00,4.399372805424747734e-01,1.043500661247318551e-01,1.046619401655013775e+02,2.000000000000000000e+00
2.443816811327973682e+00,6.022298045449734349e-01,6.022298045449734349e-01,8.769634376292972888e+01,1.000000000000000000e+00
2.453717228480710499e+00,6.011733567901595965e-01,6.011733567901595965e-01,9.365262845332185293e+01,1.000000000000000000e+00
2.458952999508752235e+00,6.036684064745672096e-01,6.036684064745672096e-01,1.007253534220620281e+02,1.000000000000000000e+00
2.464388268509744684e+00,6.003588327802387159e-01,6.003588327802387159e-01,1.077664589098043990e+02,1.000000000000000000e+00
2.468484293556922449e+00,6.027203392665213544e-01,6.027203392665213544e-01,1.157175657933941864e+02,1.000000000000000000e+00
2.468246806116959124e+00,5.871948089041377772e-01,5.871948089041377772e-01,1.216731500788019673e+02,1.000000000000000000e+00
2.466719697909309783e+00,5.840488530227293529e-01,5.840488530227293529e-01,1.308918308113225919e+02,1.000000000000000000e+00
2.464121653022218084e+00,5.759771146846126566e-01,5.759771146846126566e-01,1.389058808321524054e+02,1.000000000000000000e+00
2.460757590304254894e+00,5.694618397126985920e-01,5.694618397126985920e-01,1.489301677812428295e+02,1.000000000000000000e+00
2.457947517676913218e+00,5.605521538187846486e-01,5.605521538187846486e-01,1.585179125817466286e+02,1.000000000000000000e+00
2.454218888108489427e+00,5.543149311027057990e-01,5.543149311027057990e-01,1.682254991133274871e+02,1.000000000000000000e+00
2.453042380406585288e+00,5.426917640576990332e-01,5.426917640576990332e-01,1.777002870845190330e+02,1.000000000000000000e+00
2.450738622795970656e+00,5.351653313898262487e-01,5.351653313898262487e-01,1.861660471870131346e+02,1.000000000000000000e+00
2.448824656720079762e+00,5.295954938468705464e-01,5.295954938468705464e-01,1.963971292454962168e+02,1.000000000000000000e+00
2.448574888222172508e+00,5.260536701117356495e-01,5.260536701117356495e-01,2.078318399031201977e+02,1.000000000000000000e+00
2.446871058374367358e+00,5.120822654035085408e-01,5.120822654035085408e-01,2.144579450852589844e+02,1.000000000000000000e+00
2.445522288862336691e+00,5.089921088277624683e-01,5.089921088277624683e-01,2.245841831005684242e+02,1.000000000000000000e+00
2.270268184120709964e+00,4.618504533300943904e-01,1.000488327419228329e-01,5.325293827785509393e+01,2.000000000000000000e+00
2.269681518261105868e+00,4.492485805521868047e-01,9.930233280382746996e-02,6.204838572091671267e+01,2.000000000000000000e+00
2.271093171465800697e+00,4.430622326582343562e-01,9.915486035577576740e-02,7.242597541918662785e+01,2.000000000000000000e+00
2.272275223558887447e+00,3.913899914421068993e-01,1.303119946241814708e-01,1.249301246653293731e+02,2.000000000000000000e+00
2.461055201125860847e+00,6.684560411322031381e-01,6.684560411322031381e-01,7.721677454422862752e+01,1.000000000000000000e+00
2.470525700974447680e+00,6.667406223543494992e-01,6.667406223543494992e-01,8.257845922063283695e+01,1.000000000000000000e+00
2.474923815505721159e+00,6.637992860736838807e-01,6.637992860736838807e-01,8.811498360672631236e+01,1.000000000000000000e+00
2.478808088277085986e+00,6.612210111449347005e-01,6.612210111449347005e-01,9.524428095420869056e+01,1.000000000000000000e+00
2.483457448792401046e+00,6.552074716874057847e-01,6.552074716874057847e-01,1.030283470792621898e+02,1.000000000000000000e+00
2.483992577302735150e+00,6.489500516414801190e-01,6.489500516414801190e-01,1.104221268565274556e+02,1.000000000000000000e+00
2.482077632533324696e+00,6.332223664630531879e-01,6.332223664630531879e-01,1.167899997979522482e+02,1.000000000000000000e+00
2.480308237671841720e+00,6.307976962951935551e-01,6.307976962951935551e-01,1.260172977342000138e+02,1.000000000000000000e+00
2.476101129008732027e+00,6.151776863581508437e-01,6.151776863581508437e-01,1.327858977576536574e+02,1.000000000000000000e+00
2.472050996955361679e+00,6.027315567221018799e-01,6.027315567221018799e-01,1.415251517538678456e+02,1.000000000000000000e+00
2.468260790231628476e+00,5.919364538747179383e-01,5.919364538747179383e-01,1.495447536096847045e+02,1.000000000000000000e+00
2.462389953923947328e+00,5.791532825372330828e-01,5.791532825372330828e-01,1.578770046166514192e+02,1.000000000000000000e+00
2.458840238044824655e+00,5.700032786818475250e-01,5.700032786818475250e-01,1.686271024035762878e+02,1.000000000000000000e+00
2.456031857725107681e+00,5.555818428795149533e-01,5.555818428795149533e-01,1.764630777971800910e+02,1.000000000000000000e+00
2.451913037224994429e+00,5.494616345141103420e-01,5.494616345141103420e-01,1.857554623904498499e+02,1.000000000000000000e+00
2.447685736755787822e+00,5.410485928458269589e-01,5.410485928458269589e-01,1.941414705031164374e+02,1.000000000000000000e+00
2.443355532085268678e+00,5.376968105253577823e-01,5.376968105253577823e-01,2.023636052504980682e+02,1.000000000000000000e+00
2.435953205392774823e+00,5.252672908195924473e-01,5.252672908195924473e-01,2.104657653617608446e+02,1.000000000000000000e+00
2.431388114103999687e+00,5.087953441052652792e-01,5.087953441052652792e-01,2.175709500821537574e+02,1.000000000000000000e+00
2.253812820656560856e+00,4.763868397828103785e-01,1.157654079826722915e-01,4.874698842778555274e+01,2.000000000000000000e+00
2.256650456393583859e+00,4.569647765400664530e-01,1.159696091015844227e-01,5.782756879375985903e+01,2.000000000000000000e+00
2.509826655117550764e+00,7.477139660871314764e-01,7.477139660871314764e-01,7.450419531155270647e+01,1.000000000000000000e+00
2.509789737187465786e+00,7.481666908053560272e-01,7.481666908053560272e-01,7.994297051387957254e+01,1.000000000000000000e+00
2.511147260722211172e+00,7.353404190530224982e-01,7.353404190530224982e-01,8.588767205958910722e+01,1.000000000000000000e+00
2.507550605467956828e+00,7.203015427374209745e-01,7.203015427374209745e-01,9.033475844145337419e+01,1.000000000000000000e+00
2.506722061620417108e+00,7.064013202176744333e-01,7.064013202176744333e-01,9.587979160046594984e+01,1.000000000000000000e+00
2.504664295929463158e+00,6.902074798067007189e-01,6.902074798067007189e-01,1.016268393506882148e+02,1.000000000000000000e+00
2.501493796450283469e+00,6.834927719468313345e-01,6.834927719468313345e-01,1.092433801153626831e+02,1.000000000000000000e+00
2.496290645605260483e+00,6.689363490342622454e-01,6.689363490342622454e-01,1.162796697610295666e+02,1.000000000000000000e+00
2.490838350860046457e+00,6.537729544218457978e-01,6.537729544218457978e-01,1.237325487299071085e+02,1.000000000000000000e+00
2.484916564271645978e+00,6.405670832277561288e-01,6.405670832277561288e-01,1.307998183570987578e+02,1.000000000000000000e+00
2.478659958199026292e+00,6.261238946170818442e-01,6.261238946170818442e-01,1.387566011099289369e+02,1.000000000000000000e+00
2.474106556387786870e+00,6.092639842179075060e-01,6.092639842179075060e-01,1.459016807624674641e+02,1.000000000000000000e+00
2.469148545058619693e+00,5.950329452370327621e-01,5.950329452370327621e-01,1.536675961769049650e+02,1.000000000000000000e+00
2.463702031323905306e+00,5.808520007973893007e-01,5.808520007973893007e-01,1.604175145463990759e+02,1.000000000000000000e+00
2.455642752277175767e+00,5.690279467367862498e-01,5.690279467367862498e-01,1.683085879813401391e+02,1.000000000000000000e+00
2.447128929324782654e+00,5.612423049863998203e-01,5.612423049863998203e-01,1.775977398286230766e+02,1.000000000000000000e+00
2.437321425742644987e+00,5.523946940539911088e-01,5.523946940539911088e-01,1.873315450853091590e+02,1.000000000000000000e+00
2.428062035578680167e+00,5.380320779442639978e-01,5.380320779442639978e-01,1.937242458489924672e+02,1.000000000000000000e+00
2.420174492825672985e+00,5.286759713809958683e-01,5.286759713809958683e-01,2.031647712240512931e+02,1.000000000000000000e+00
2.589423959087652438e+00,8.407609855551542166e-01,8.407609855551542166e-01,7.463212597778080237e+01,1.000000000000000000e+00
2.580059777364299034e+00,8.207882086253285303e-01,8.207882086253285303e-01,7.919200876017210078e+01,1.000000000000000000e+00
2.569972882294615069e+00,8.087366795458981183e-01,8.087366795458981183e-01,8.435321049616912603e+01,1.000000000000000000e+00
2.557519222316921415e+00,7.884554925359533728e-01,7.884554925359533728e-01,8.871811240404210253e+01,1.000000000000000000e+00
2.545192678424379906e+00,7.635806743707920230e-01,7.635806743707920230e-01,9.274210374826625980e+01,1.000000000000000000e+00
2.537184798307695388e+00,7.516384039034271769e-01,7.516384039034271769e-01,1.005136881189353204e+02,1.000000000000000000e+00
2.526814781039825153e+00,7.235470447639014147e-01,7.235470447639014147e-01,1.036370489986466197e+02,1.000000000000000000e+00
2.518283709092857148e+00,7.051648404276845694e-01,7.051648404276845694e-01,1.087965648668204892e+02,1.000000000000000000e+00
2.511132550885274206e+00,6.894451638542643535e-01,6.894451638542643535e-01,1.145085504232304743e+02,1.000000000000000000e+00
2.502680420245282367e+00,6.728105278713487625e-01,6.728105278713487625e-01,1.210013433467573236e+02,1.000000000000000000e+00
2.495098055337184206e+00,6.569470215745281116e-01,6.569470215745281116e-01,1.281258188547373322e+02,1.000000000000000000e+00
2.488190911865032273e+00,6.399853255302206945e-01,6.399853255302206945e-01,1.347880083273688285e+02,1.000000000000000000e+00
2.480070705279360244e+00,6.290574812639043722e-01,6.290574812639043722e-01,1.426603270643572330e+02,1.000000000000000000e+00
2.472334337730738518e+00,6.098048721972864072e-01,6.098048721972864072e-01,1.491723967384381240e+02,1.000000000000000000e+00
2.461734776219308252e+00,5.987434785061890308e-01,5.987434785061890308e-01,1.562764387898491805e+02,1.000000000000000000e+00
2.449198288219038400e+00,5.826757140616689590e-01,5.826757140616689590e-01,1.636253567742645316e+02,1.000000000000000000e+00
2.437696529737379603e+00,5.682489190344580665e-01,5.682489190344580665e-01,1.685802587265256420e+02,1.000000000000000000e+00
2.672983281485934004e+00,8.726216608494978821e-01,8.726216608494978821e-01,7.860082921584637461e+01,1.000000000000000000e+00
2.663319163677531964e+00,8.685480902095725764e-01,8.685480902095725764e-01,7.944466677409035071e+01,1.000000000000000000e+00
2.641515858390482308e+00,8.493824346752877341e-01,8.493824346752877341e-01,8.440049178333271129e+01,1.000000000000000000e+00
2.620463967377588244e+00,8.362844531370648982e-01,8.362844531370648982e-01,8.868335948092244791e+01,1.000000000000000000e+00
2.603237157464994400e+00,8.207191429163711582e-01,8.207191429163711582e-01,9.310766201184073054e+01,1.000000000000000000e+00
2.585166950711350609e+00,8.014111442219102877e-01,8.014111442219102877e-01,9.709290661725135863e+01,1.000000000000000000e+00
2.570344342794739667e+00,7.794574841912536023e-01,7.794574841912536023e-01,1.002833771654408963e+02,1.000000000000000000e+00
2.554212675159269086e+00,7.541649209019505307e-01,7.541649209019505307e-01,1.047290451427580962e+02,1.000000000000000000e+00
2.540521014252537402e+00,7.334979795328261387e-01,7.334979795328261387e-01,1.096452525046810536e+02,1.000000000000000000e+00
2.527910394786742732e+00,7.210013367448320221e-01,7.210013367448320221e-01,1.155047525655877507e+02,1.000000000000000000e+00
2.516216442708154144e+00,7.022762801399472510e-01,7.022762801399472510e-01,1.202342431112581949e+02,1.000000000000000000e+00
2.504813668485529110e+00,6.789316278504178293e-01,6.789316278504178293e-01,1.245531165350602123e+02,1.000000000000000000e+00
2.493271951136089459e+00,6.649539706786572468e-01,6.649539706786572468e-01,1.305670264894235686e+02,1.000000000000000000e+00
2.483099219041186689e+00,6.447810607952561002e-01,6.447810607952561002e-01,1.362892664452142810e+02,1.000000000000000000e+00
2.485359471496830785e+00,5.478456666377337081e-01,1.867310804945722102e-01,1.479040754743653849e+02,2.000000000000000000e+00
2.591203586215365728e+00,8.570693988442471545e-01,2.334726532955424053e-02,4.191304049793674835e+02,2.000000000000000000e+00
2.735170339352875679e+00,8.819156383809032551e-01,8.819156383809032551e-01,8.476991571193548225e+01,1.000000000000000000e+00
2.712424836316340571e+00,8.722303437124044878e-01,8.722303437124044878e-01,8.824403381181841155e+01,1.000000000000000000e+00
2.693906699902135493e+00,8.640329683611593925e-01,8.640329683611593925e-01,9.139088336802531387e+01,1.000000000000000000e+00
2.671893258688941675e+00,8.519361261461205759e-01,8.519361261461205759e-01,9.365511129980727389e+01,1.000000000000000000e+00
2.651734994797347866e+00,8.335923130713204232e-01,8.335923130713204232e-01,9.625818149202930840e+01,1.000000000000000000e+00
2.632622627878187238e+00,8.210257457708451945e-01,8.210257457708451945e-01,1.003172490261628553e+02,1.000000000000000000e+00
2.609071720227206015e+00,8.119684195002455640e-01,8.119684195002455640e-01,1.037651439094422159e+02,1.000000000000000000e+00
2.588694930344810796e+00,7.925764055091182314e-01,7.925764055091182314e-01,1.070672787357296016e+02,1.000000000000000000e+00
2.565679857393624808e+00,7.757157300306500858e-01,7.757157300306500858e-01,1.107503667692471083e+02,1.000000000000000000e+00
2.545793360532337513e+00,7.527536458314708634e-01,7.527536458314708634e-01,1.144705804332528771e+02,1.000000000000000000e+00
2.529864035017120649e+00,7.290162315569593821e-01,7.290162315569593821e-01,1.196129630538832203e+02,1.000000000000000000e+00
2.590577947333077891e+00,4.572254399308699202e-02,2.216405825784019748e-02,1.207716166357566635e+03,2.000000000000000000e+00
2.595862175796284088e+00,8.466223624094016964e-01,1.880772561207288973e-02,1.257827191923461214e+03,3.000000000000000000e+00
2.690534521981551741e+00,8.225851687046991101e-01,2.534825956993506588e-02,9.389389321621567319e+01,2.000000000000000000e+00
2.685359471496830075e+00,8.453485120455053181e-01,1.931412148491439343e-02,7.914758733999175888e+01,3.000000000000000000e+00
2.738892871007153396e+00,8.567515131908917114e-01,8.567515131908917114e-01,9.427647506815274880e+01,1.000000000000000000e+00
2.716862295616787382e+00,8.499058442498340638e-01,8.499058442498340638e-01,9.656293429903578840e+01,1.000000000000000000e+00
2.690987932343227751e+00,8.449030057082969059e-01,8.449030057082969059e-01,9.863997805448929057e+01,1.000000000000000000e+00
2.490534521981561333e+00,6.045798841980716265e-01,5.493910845508535035e-01,7.685092310495926426e+01,2.000000000000000000e+00
2.586310769695284062e+00,3.806583792504948383e-01,2.613588685366347586e-01,1.377657654908895495e+02,2.000000000000000000e+00
2.601103258027341436e+00,1.987040094679240476e-01,1.743502667468655246e-02,2.566308730744900686e+02,2.000000000000000000e+00
2.608144602495759301e+00,1.752104241365133042e-01,2.325906617142352653e-02,8.390722530212089623e+03,5.000000000000000000e+00
