X_Fe,X_Ti,X_Nb,class_measured,class_predicted,gfa_measured,gfa_predicted,processing_measured,processing_predicted,P(gfa=AM)_measured,P(gfa=AM)_predicted
1,0,0,None,0.120885167,None,1,1,1,None,0.120885167
0,0,1,None,0.409399493,None,1,1,1,None,0.409399493
0,1,0,None,0.07,None,1,1,1,None,0.07
0.98,0,0.02,None,0.3625,None,1,1,1,None,0.3625
0.98,0.02,0,None,0.172142857,None,1,1,1,None,0.172142857
0,0.02,0.98,None,0.375,None,1,1,1,None,0.375
0.96,0,0.04,None,0.4075,None,1,1,1,None,0.4075
0.96,0.04,0,None,0.177142857,None,1,1,1,None,0.177142857
0,0.04,0.96,None,0.375,None,1,1,1,None,0.375
0.94,0,0.06,None,0.425,None,1,1,1,None,0.425
0.94,0.06,0,None,0.187142857,None,1,1,1,None,0.187142857
0,0.06,0.94,None,0.375,None,1,1,1,None,0.375
0.92,0,0.08,None,0.495,None,1,1,1,None,0.495
0.92,0.08,0,None,0.207142857,None,1,1,1,None,0.207142857
0,0.08,0.92,None,0.37,None,1,1,1,None,0.37
0.9,0,0.1,None,0.645,None,0,1,1,None,0.645
0.9,0.1,0,None,0.257142857,None,1,1,1,None,0.257142857
0,0.1,0.9,None,0.38,None,1,1,1,None,0.38
0.88,0,0.12,None,0.77,None,0,1,1,None,0.77
0.88,0.12,0,None,0.286080769,None,1,1,1,None,0.286080769
0,0.12,0.88,None,0.385833333,None,1,1,1,None,0.385833333
0.86,0,0.14,None,0.86,None,0,1,1,None,0.86
0.86,0.14,0,None,0.316080769,None,1,1,1,None,0.316080769
0,0.14,0.86,None,0.370921829,None,1,1,1,None,0.370921829
0.84,0,0.16,None,0.895,None,0,1,1,None,0.895
0.84,0.16,0,None,0.337075061,None,1,1,1,None,0.337075061
0,0.16,0.84,None,0.320921829,None,1,1,1,None,0.320921829
0.82,0,0.18,None,0.868422992,None,0,1,1,None,0.868422992
0.82,0.18,0,None,0.364075061,None,1,1,1,None,0.364075061
0,0.18,0.82,None,0.320921829,None,1,1,1,None,0.320921829
0.8,0,0.2,None,0.804488131,None,0,1,1,None,0.804488131
0.8,0.2,0,None,0.390950061,None,1,1,1,None,0.390950061
0,0.2,0.8,None,0.350921829,None,1,1,1,None,0.350921829
0.78,0,0.22,None,0.799488131,None,0,1,1,None,0.799488131
0.78,0.22,0,None,0.420950061,None,1,1,1,None,0.420950061
0,0.22,0.78,None,0.325921829,None,1,1,1,None,0.325921829
0.76,0,0.24,None,0.834488131,None,0,1,1,None,0.834488131
0.76,0.24,0,None,0.409075061,None,1,1,1,None,0.409075061
0,0.24,0.76,None,0.323421829,None,1,1,1,None,0.323421829
0.74,0,0.26,None,0.8475,None,0,1,1,None,0.8475
0.74,0.26,0,None,0.409075061,None,1,1,1,None,0.409075061
0,0.26,0.74,None,0.318421829,None,1,1,1,None,0.318421829
0.72,0,0.28,None,0.84,None,0,1,1,None,0.84
0.72,0.28,0,None,0.419075061,None,1,1,1,None,0.419075061
0,0.28,0.72,None,0.323421829,None,1,1,1,None,0.323421829
0.7,0,0.3,None,0.845,None,0,1,1,None,0.845
0.7,0.3,0,None,0.419075061,None,1,1,1,None,0.419075061
0,0.3,0.7,None,0.307588496,None,1,1,1,None,0.307588496
0.68,0,0.32,None,0.83,None,0,1,1,None,0.83
0.68,0.32,0,None,0.424075061,None,1,1,1,None,0.424075061
0,0.32,0.68,None,0.322588496,None,1,1,1,None,0.322588496
0.66,0,0.34,None,0.845,None,0,1,1,None,0.845
0.66,0.34,0,None,0.414075061,None,1,1,1,None,0.414075061
0,0.34,0.66,None,0.332588496,None,1,1,1,None,0.332588496
0.64,0,0.36,None,0.83,None,0,1,1,None,0.83
0.64,0.36,0,None,0.409075061,None,1,1,1,None,0.409075061
0,0.36,0.64,None,0.327588496,None,1,1,1,None,0.327588496
0.62,0,0.38,None,0.853304094,None,0,1,1,None,0.853304094
0.62,0.38,0,None,0.419075061,None,1,1,1,None,0.419075061
0,0.38,0.62,None,0.332588496,None,1,1,1,None,0.332588496
0.6,0,0.4,None,0.882192982,None,0,1,1,None,0.882192982
0.6,0.4,0,None,0.434075061,None,1,1,1,None,0.434075061
0,0.4,0.6,None,0.328494337,None,1,1,1,None,0.328494337
0.58,0,0.42,None,0.872192982,None,0,1,1,None,0.872192982
0.58,0.42,0,None,0.424075061,None,1,1,1,None,0.424075061
0,0.42,0.58,None,0.318494337,None,1,1,1,None,0.318494337
0.56,0,0.44,None,0.872192982,None,0,1,1,None,0.872192982
0.56,0.44,0,None,0.434075061,None,1,1,1,None,0.434075061
0,0.44,0.56,None,0.318494337,None,1,1,1,None,0.318494337
0.54,0,0.46,None,0.847192982,None,0,1,1,None,0.847192982
0.54,0.46,0,None,0.424075061,None,1,1,1,None,0.424075061
0,0.46,0.54,None,0.318494337,None,1,1,1,None,0.318494337
0.52,0,0.48,None,0.832192982,None,0,1,1,None,0.832192982
0.52,0.48,0,None,0.429075061,None,1,1,1,None,0.429075061
0,0.48,0.52,None,0.300994337,None,1,1,1,None,0.300994337
0.5,0,0.5,None,0.832192982,None,0,1,1,None,0.832192982
0.5,0.5,0,None,0.439075061,None,1,1,1,None,0.439075061
0,0.5,0.5,None,0.288494337,None,1,1,1,None,0.288494337
0.48,0,0.52,None,0.787192982,None,0,1,1,None,0.787192982
0.48,0.52,0,None,0.439075061,None,1,1,1,None,0.439075061
0,0.52,0.48,None,0.2875,None,1,1,1,None,0.2875
0.46,0,0.54,None,0.777192982,None,0,1,1,None,0.777192982
0.46,0.54,0,None,0.429075061,None,1,1,1,None,0.429075061
0,0.54,0.46,None,0.2975,None,1,1,1,None,0.2975
0.44,0,0.56,None,0.757192982,None,0,1,1,None,0.757192982
0.44,0.56,0,None,0.469075061,None,1,1,1,None,0.469075061
0,0.56,0.44,None,0.3025,None,1,1,1,None,0.3025
0.42,0,0.58,None,0.737192982,None,0,1,1,None,0.737192982
0.42,0.58,0,None,0.474075061,None,1,1,1,None,0.474075061
0,0.58,0.42,None,0.2925,None,1,1,1,None,0.2925
0.4,0,0.6,None,0.707192982,None,0,1,1,None,0.707192982
0.4,0.6,0,None,0.494075061,None,1,1,1,None,0.494075061
0,0.6,0.4,None,0.2825,None,1,1,1,None,0.2825
0.38,0,0.62,None,0.729692982,None,0,1,1,None,0.729692982
0.38,0.62,0,None,0.489075061,None,1,1,1,None,0.489075061
0,0.62,0.38,None,0.2825,None,1,1,1,None,0.2825
0.36,0,0.64,None,0.695,None,0,1,1,None,0.695
0.36,0.64,0,None,0.484075061,None,1,1,1,None,0.484075061
0,0.64,0.36,None,0.2825,None,1,1,1,None,0.2825
0.34,0,0.66,None,0.645,None,0,1,1,None,0.645
0.34,0.66,0,None,0.479075061,None,1,1,1,None,0.479075061
0,0.66,0.34,None,0.2675,None,1,1,1,None,0.2675
0.32,0,0.68,None,0.615,None,0,1,1,None,0.615
0.32,0.68,0,None,0.469075061,None,1,1,1,None,0.469075061
0,0.68,0.32,None,0.2625,None,1,1,1,None,0.2625
0.3,0,0.7,None,0.546885054,None,0,1,1,None,0.546885054
0.3,0.7,0,None,0.444075061,None,1,1,1,None,0.444075061
0,0.7,0.3,None,0.2975,None,1,1,1,None,0.2975
0.28,0,0.72,None,0.534969265,None,0,1,1,None,0.534969265
0.28,0.72,0,None,0.434075061,None,1,1,1,None,0.434075061
0,0.72,0.28,None,0.300833333,None,1,1,1,None,0.300833333
0.26,0,0.74,None,0.514969265,None,0,1,1,None,0.514969265
0.26,0.74,0,None,0.419075061,None,1,1,1,None,0.419075061
0,0.74,0.26,None,0.270833333,None,1,1,1,None,0.270833333
0.24,0,0.76,None,0.549969265,None,0,1,1,None,0.549969265
0.24,0.76,0,None,0.401932203,None,1,1,1,None,0.401932203
0,0.76,0.24,None,0.265833333,None,1,1,1,None,0.265833333
0.22,0,0.78,None,0.544969265,None,0,1,1,None,0.544969265
0.22,0.78,0,None,0.386932203,None,1,1,1,None,0.386932203
0,0.78,0.22,None,0.260833333,None,1,1,1,None,0.260833333
0.2,0,0.8,None,0.545802598,None,0,1,1,None,0.545802598
0.2,0.8,0,None,0.336932203,None,1,1,1,None,0.336932203
0,0.8,0.2,None,0.270833333,None,1,1,1,None,0.270833333
0.18,0,0.82,None,0.590833333,None,0,1,1,None,0.590833333
0.18,0.82,0,None,0.311932203,None,1,1,1,None,0.311932203
0,0.82,0.18,None,0.250833333,None,1,1,1,None,0.250833333
0.16,0,0.84,None,0.61,None,0,1,1,None,0.61
0.16,0.84,0,None,0.274932203,None,1,1,1,None,0.274932203
0,0.84,0.16,None,0.245833333,None,1,1,1,None,0.245833333
0.14,0,0.86,None,0.605,None,0,1,1,None,0.605
0.14,0.86,0,None,0.248937912,None,1,1,1,None,0.248937912
0,0.86,0.14,None,0.255833333,None,1,1,1,None,0.255833333
0.12,0,0.88,None,0.575,None,0,1,1,None,0.575
0.12,0.88,0,None,0.218937912,None,1,1,1,None,0.218937912
0,0.88,0.12,None,0.255833333,None,1,1,1,None,0.255833333
0.1,0,0.9,None,0.515,None,0,1,1,None,0.515
0.1,0.9,0,None,0.185,None,1,1,1,None,0.185
0,0.9,0.1,None,0.255,None,1,1,1,None,0.255
0.08,0,0.92,None,0.47,None,1,1,1,None,0.47
0.08,0.92,0,None,0.175,None,1,1,1,None,0.175
0,0.92,0.08,None,0.245,None,1,1,1,None,0.245
0.06,0,0.94,None,0.475,None,1,1,1,None,0.475
0.06,0.94,0,None,0.16,None,1,1,1,None,0.16
0,0.94,0.06,None,0.2325,None,1,1,1,None,0.2325
0.04,0,0.96,None,0.46,None,1,1,1,None,0.46
0.04,0.96,0,None,0.14,None,1,1,1,None,0.14
0,0.96,0.04,None,0.22,None,1,1,1,None,0.22
0.02,0,0.98,None,0.455,None,1,1,1,None,0.455
0.02,0.98,0,None,0.135,None,1,1,1,None,0.135
0,0.98,0.02,None,0.205,None,1,1,1,None,0.205
0.96,0.02,0.02,None,0.3275,None,1,1,1,None,0.3275
0.94,0.02,0.04,None,0.3675,None,1,1,1,None,0.3675
0.94,0.04,0.02,None,0.3625,None,1,1,1,None,0.3625
0.92,0.02,0.06,None,0.43,None,1,1,1,None,0.43
0.92,0.04,0.04,None,0.415,None,1,1,1,None,0.415
0.92,0.06,0.02,None,0.39,None,1,1,1,None,0.39
0.9,0.02,0.08,None,0.54,None,0,1,1,None,0.54
0.9,0.04,0.06,None,0.4925,None,1,1,1,None,0.4925
0.9,0.06,0.04,None,0.485,None,1,1,1,None,0.485
0.9,0.08,0.02,None,0.47,None,1,1,1,None,0.47
0.88,0.02,0.1,None,0.7,None,0,1,1,None,0.7
0.88,0.04,0.08,None,0.66,None,0,1,1,None,0.66
0.88,0.06,0.06,None,0.625,None,0,1,1,None,0.625
0.88,0.08,0.04,None,0.605,None,0,1,1,None,0.605
0.88,0.1,0.02,None,0.56,None,0,1,1,None,0.56
0.86,0.02,0.12,None,0.8,None,0,1,1,None,0.8
0.86,0.04,0.1,None,0.775,None,0,1,1,None,0.775
0.86,0.06,0.08,None,0.72,None,0,1,1,None,0.72
0.86,0.08,0.06,None,0.645,None,0,1,1,None,0.645
0.86,0.1,0.04,None,0.629005709,None,0,1,1,None,0.629005709
0.86,0.12,0.02,None,0.599005709,None,0,1,1,None,0.599005709
0.84,0.02,0.14,None,0.86,None,0,1,1,None,0.86
0.84,0.04,0.12,None,0.82,None,0,1,1,None,0.82
0.84,0.06,0.1,None,0.784005709,None,0,1,1,None,0.784005709
0.84,0.08,0.08,None,0.714005709,None,0,1,1,None,0.714005709
0.84,0.1,0.06,None,0.669005709,None,0,1,1,None,0.669005709
0.84,0.12,0.04,None,0.644005709,None,0,1,1,None,0.644005709
0.84,0.14,0.02,None,0.6,None,0,1,1,None,0.6
0.82,0.02,0.16,None,0.878422992,None,0,1,1,None,0.878422992
0.82,0.04,0.14,None,0.847428701,None,0,1,1,None,0.847428701
0.82,0.06,0.12,None,0.819928701,None,0,1,1,None,0.819928701
0.82,0.08,0.1,None,0.778422992,None,0,1,1,None,0.778422992
0.82,0.1,0.08,None,0.723422992,None,0,1,1,None,0.723422992
0.82,0.12,0.06,None,0.675,None,0,1,1,None,0.675
0.82,0.14,0.04,None,0.66,None,0,1,1,None,0.66
0.82,0.16,0.02,None,0.64,None,0,1,1,None,0.64
0.8,0.02,0.18,None,0.879005709,None,0,1,1,None,0.879005709
0.8,0.04,0.16,None,0.875,None,0,1,1,None,0.875
0.8,0.06,0.14,None,0.85,None,0,1,1,None,0.85
0.8,0.08,0.12,None,0.805,None,0,1,1,None,0.805
0.8,0.1,0.1,None,0.775,None,0,1,1,None,0.775
0.8,0.12,0.08,None,0.73,None,0,1,1,None,0.73
0.8,0.14,0.06,None,0.675,None,0,1,1,None,0.675
0.8,0.16,0.04,None,0.665,None,0,1,1,None,0.665
0.8,0.18,0.02,None,0.641875,None,0,1,1,None,0.641875
0.78,0.02,0.2,None,0.789488131,None,0,1,1,None,0.789488131
0.78,0.04,0.18,None,0.87,None,0,1,1,None,0.87
0.78,0.06,0.16,None,0.865,None,0,1,1,None,0.865
0.78,0.08,0.14,None,0.83,None,0,1,1,None,0.83
0.78,0.1,0.12,None,0.785,None,0,1,1,None,0.785
0.78,0.12,0.1,None,0.755,None,0,1,1,None,0.755
0.78,0.14,0.08,None,0.721875,None,0,1,1,None,0.721875
0.78,0.16,0.06,None,0.661875,None,0,1,1,None,0.661875
0.78,0.18,0.04,None,0.646875,None,0,1,1,None,0.646875
0.78,0.2,0.02,None,0.641875,None,0,1,1,None,0.641875
0.76,0.02,0.22,None,0.791188536,None,0,1,1,None,0.791188536
0.76,0.04,0.2,None,0.774488131,None,0,1,1,None,0.774488131
0.76,0.06,0.18,None,0.85,None,0,1,1,None,0.85
0.76,0.08,0.16,None,0.855,None,0,1,1,None,0.855
0.76,0.1,0.14,None,0.831875,None,0,1,1,None,0.831875
0.76,0.12,0.12,None,0.796875,None,0,1,1,None,0.796875
0.76,0.14,0.1,None,0.754711067,None,0,1,1,None,0.754711067
0.76,0.16,0.08,None,0.714711067,None,0,1,1,None,0.714711067
0.76,0.18,0.06,None,0.671875,None,0,1,1,None,0.671875
0.76,0.2,0.04,None,0.641875,None,0,1,1,None,0.641875
0.76,0.22,0.02,None,0.626875,None,0,1,1,None,0.626875
0.74,0.02,0.24,None,0.836188536,None,0,1,1,None,0.836188536
0.74,0.04,0.22,None,0.786188536,None,0,1,1,None,0.786188536
0.74,0.06,0.2,None,0.789488131,None,0,1,1,None,0.789488131
0.74,0.08,0.18,None,0.845,None,0,1,1,None,0.845
0.74,0.1,0.16,None,0.845,None,0,1,1,None,0.845
0.74,0.12,0.14,None,0.826875,None,0,1,1,None,0.826875
0.74,0.14,0.12,None,0.784711067,None,0,1,1,None,0.784711067
0.74,0.16,0.1,None,0.749711067,None,0,1,1,None,0.749711067
0.74,0.18,0.08,None,0.694711067,None,0,1,1,None,0.694711067
0.74,0.2,0.06,None,0.669711067,None,0,1,1,None,0.669711067
0.74,0.22,0.04,None,0.646875,None,0,1,1,None,0.646875
0.74,0.24,0.02,None,0.615,None,0,1,1,None,0.615
0.72,0.02,0.26,None,0.829200405,None,0,1,1,None,0.829200405
0.72,0.04,0.24,None,0.821188536,None,0,1,1,None,0.821188536
0.72,0.06,0.22,None,0.811188536,None,0,1,1,None,0.811188536
0.72,0.08,0.2,None,0.774488131,None,0,1,1,None,0.774488131
0.72,0.1,0.18,None,0.84,None,0,1,1,None,0.84
0.72,0.12,0.16,None,0.842836067,None,0,1,1,None,0.842836067
0.72,0.14,0.14,None,0.809711067,None,0,1,1,None,0.809711067
0.72,0.16,0.12,None,0.759711067,None,0,1,1,None,0.759711067
0.72,0.18,0.1,None,0.724711067,None,0,1,1,None,0.724711067
0.72,0.2,0.08,None,0.679711067,None,0,1,1,None,0.679711067
0.72,0.22,0.06,None,0.657836067,None,0,1,1,None,0.657836067
0.72,0.24,0.04,None,0.635,None,0,1,1,None,0.635
0.72,0.26,0.02,None,0.615,None,0,1,1,None,0.615
0.7,0.02,0.28,None,0.86,None,0,1,1,None,0.86
0.7,0.04,0.26,None,0.849200405,None,0,1,1,None,0.849200405
0.7,0.06,0.24,None,0.838688536,None,0,1,1,None,0.838688536
0.7,0.08,0.22,None,0.816188536,None,0,1,1,None,0.816188536
0.7,0.1,0.2,None,0.797324198,None,0,1,1,None,0.797324198
0.7,0.12,0.18,None,0.807836067,None,0,1,1,None,0.807836067
0.7,0.14,0.16,None,0.797836067,None,0,1,1,None,0.797836067
0.7,0.16,0.14,None,0.749711067,None,0,1,1,None,0.749711067
0.7,0.18,0.12,None,0.704711067,None,0,1,1,None,0.704711067
0.7,0.2,0.1,None,0.684711067,None,0,1,1,None,0.684711067
0.7,0.22,0.08,None,0.657836067,None,0,1,1,None,0.657836067
0.7,0.24,0.06,None,0.647836067,None,0,1,1,None,0.647836067
0.7,0.26,0.04,None,0.64,None,0,1,1,None,0.64
0.7,0.28,0.02,None,0.62,None,0,1,1,None,0.62
0.68,0.02,0.3,None,0.855,None,0,1,1,None,0.855
0.68,0.04,0.28,None,0.865,None,0,1,1,None,0.865
0.68,0.06,0.26,None,0.8575,None,0,1,1,None,0.8575
0.68,0.08,0.24,None,0.848688536,None,0,1,1,None,0.848688536
0.68,0.1,0.22,None,0.824024602,None,0,1,1,None,0.824024602
0.68,0.12,0.2,None,0.777324198,None,0,1,1,None,0.777324198
0.68,0.14,0.18,None,0.762836067,None,0,1,1,None,0.762836067
0.68,0.16,0.16,None,0.737836067,None,0,1,1,None,0.737836067
0.68,0.18,0.14,None,0.714711067,None,0,1,1,None,0.714711067
0.68,0.2,0.12,None,0.689711067,None,0,1,1,None,0.689711067
0.68,0.22,0.1,None,0.672836067,None,0,1,1,None,0.672836067
0.68,0.24,0.08,None,0.647836067,None,0,1,1,None,0.647836067
0.68,0.26,0.06,None,0.642836067,None,0,1,1,None,0.642836067
0.68,0.28,0.04,None,0.63,None,0,1,1,None,0.63
0.68,0.3,0.02,None,0.605,None,0,1,1,None,0.605
0.66,0.02,0.32,None,0.865,None,0,1,1,None,0.865
0.66,0.04,0.3,None,0.87,None,0,1,1,None,0.87
0.66,0.06,0.28,None,0.871111111,None,0,1,1,None,0.871111111
0.66,0.08,0.26,None,0.863611111,None,0,1,1,None,0.863611111
0.66,0.1,0.24,None,0.841524602,None,0,1,1,None,0.841524602
0.66,0.12,0.22,None,0.809024602,None,0,1,1,None,0.809024602
0.66,0.14,0.2,None,0.774824198,None,0,1,1,None,0.774824198
0.66,0.16,0.18,None,0.757836067,None,0,1,1,None,0.757836067
0.66,0.18,0.16,None,0.727836067,None,0,1,1,None,0.727836067
0.66,0.2,0.14,None,0.714711067,None,0,1,1,None,0.714711067
0.66,0.22,0.12,None,0.672836067,None,0,1,1,None,0.672836067
0.66,0.24,0.1,None,0.652836067,None,0,1,1,None,0.652836067
0.66,0.26,0.08,None,0.637836067,None,0,1,1,None,0.637836067
0.66,0.28,0.06,None,0.622836067,None,0,1,1,None,0.622836067
0.66,0.3,0.04,None,0.605,None,0,1,1,None,0.605
0.66,0.32,0.02,None,0.595,None,0,1,1,None,0.595
0.64,0.02,0.34,None,0.871111111,None,0,1,1,None,0.871111111
0.64,0.04,0.32,None,0.866111111,None,0,1,1,None,0.866111111
0.64,0.06,0.3,None,0.861111111,None,0,1,1,None,0.861111111
0.64,0.08,0.28,None,0.871111111,None,0,1,1,None,0.871111111
0.64,0.1,0.26,None,0.8675,None,0,1,1,None,0.8675
0.64,0.12,0.24,None,0.854200405,None,0,1,1,None,0.854200405
0.64,0.14,0.22,None,0.827324198,None,0,1,1,None,0.827324198
0.64,0.16,0.2,None,0.762324198,None,0,1,1,None,0.762324198
0.64,0.18,0.18,None,0.752836067,None,0,1,1,None,0.752836067
0.64,0.2,0.16,None,0.727836067,None,0,1,1,None,0.727836067
0.64,0.22,0.14,None,0.717836067,None,0,1,1,None,0.717836067
0.64,0.24,0.12,None,0.657836067,None,0,1,1,None,0.657836067
0.64,0.26,0.1,None,0.632836067,None,0,1,1,None,0.632836067
0.64,0.28,0.08,None,0.622836067,None,0,1,1,None,0.622836067
0.64,0.3,0.06,None,0.607836067,None,0,1,1,None,0.607836067
0.64,0.32,0.04,None,0.617836067,None,0,1,1,None,0.617836067
0.64,0.34,0.02,None,0.595,None,0,1,1,None,0.595
0.62,0.02,0.36,None,0.881111111,None,0,1,1,None,0.881111111
0.62,0.04,0.34,None,0.861111111,None,0,1,1,None,0.861111111
0.62,0.06,0.32,None,0.871111111,None,0,1,1,None,0.871111111
0.62,0.08,0.3,None,0.871111111,None,0,1,1,None,0.871111111
0.62,0.1,0.28,None,0.875,None,0,1,1,None,0.875
0.62,0.12,0.26,None,0.8625,None,0,1,1,None,0.8625
0.62,0.14,0.24,None,0.8425,None,0,1,1,None,0.8425
0.62,0.16,0.22,None,0.827324198,None,0,1,1,None,0.827324198
0.62,0.18,0.2,None,0.757324198,None,0,1,1,None,0.757324198
0.62,0.2,0.18,None,0.772836067,None,0,1,1,None,0.772836067
0.62,0.22,0.16,None,0.732836067,None,0,1,1,None,0.732836067
0.62,0.24,0.14,None,0.692836067,None,0,1,1,None,0.692836067
0.62,0.26,0.12,None,0.647836067,None,0,1,1,None,0.647836067
0.62,0.28,0.1,None,0.637836067,None,0,1,1,None,0.637836067
0.62,0.3,0.08,None,0.627836067,None,0,1,1,None,0.627836067
0.62,0.32,0.06,None,0.617836067,None,0,1,1,None,0.617836067
0.62,0.34,0.04,None,0.622836067,None,0,1,1,None,0.622836067
0.62,0.36,0.02,None,0.6,None,0,1,1,None,0.6
0.6,0.02,0.38,None,0.886111111,None,0,1,1,None,0.886111111
0.6,0.04,0.36,None,0.886111111,None,0,1,1,None,0.886111111
0.6,0.06,0.34,None,0.871111111,None,0,1,1,None,0.871111111
0.6,0.08,0.32,None,0.891111111,None,0,1,1,None,0.891111111
0.6,0.1,0.3,None,0.865,None,0,1,1,None,0.865
0.6,0.12,0.28,None,0.875,None,0,1,1,None,0.875
0.6,0.14,0.26,None,0.86,None,0,1,1,None,0.86
0.6,0.16,0.24,None,0.84,None,0,1,1,None,0.84
0.6,0.18,0.22,None,0.827324198,None,0,1,1,None,0.827324198
0.6,0.2,0.2,None,0.762324198,None,0,1,1,None,0.762324198
0.6,0.22,0.18,None,0.772836067,None,0,1,1,None,0.772836067
0.6,0.24,0.16,None,0.722836067,None,0,1,1,None,0.722836067
0.6,0.26,0.14,None,0.687836067,None,0,1,1,None,0.687836067
0.6,0.28,0.12,None,0.657836067,None,0,1,1,None,0.657836067
0.6,0.3,0.1,None,0.637836067,None,0,1,1,None,0.637836067
0.6,0.32,0.08,None,0.637836067,None,0,1,1,None,0.637836067
0.6,0.34,0.06,None,0.612836067,None,0,1,1,None,0.612836067
0.6,0.36,0.04,None,0.617836067,None,0,1,1,None,0.617836067
0.6,0.38,0.02,None,0.6,None,0,1,1,None,0.6
0.58,0.02,0.4,None,0.92,None,0,1,1,None,0.92
0.58,0.04,0.38,None,0.911111111,None,0,1,1,None,0.911111111
0.58,0.06,0.36,None,0.896111111,None,0,1,1,None,0.896111111
0.58,0.08,0.34,None,0.9,None,0,1,1,None,0.9
0.58,0.1,0.32,None,0.895,None,0,1,1,None,0.895
0.58,0.12,0.3,None,0.88,None,0,1,1,None,0.88
0.58,0.14,0.28,None,0.875,None,0,1,1,None,0.875
0.58,0.16,0.26,None,0.865,None,0,1,1,None,0.865
0.58,0.18,0.24,None,0.845,None,0,1,1,None,0.845
0.58,0.2,0.22,None,0.817324198,None,0,1,1,None,0.817324198
0.58,0.22,0.2,None,0.757324198,None,0,1,1,None,0.757324198
0.58,0.24,0.18,None,0.757836067,None,0,1,1,None,0.757836067
0.58,0.26,0.16,None,0.707836067,None,0,1,1,None,0.707836067
0.58,0.28,0.14,None,0.692836067,None,0,1,1,None,0.692836067
0.58,0.3,0.12,None,0.662836067,None,0,1,1,None,0.662836067
0.58,0.32,0.1,None,0.637836067,None,0,1,1,None,0.637836067
0.58,0.34,0.08,None,0.632836067,None,0,1,1,None,0.632836067
0.58,0.36,0.06,None,0.612836067,None,0,1,1,None,0.612836067
0.58,0.38,0.04,None,0.612836067,None,0,1,1,None,0.612836067
0.58,0.4,0.02,None,0.607836067,None,0,1,1,None,0.607836067
0.56,0.02,0.42,None,0.91,None,0,1,1,None,0.91
0.56,0.04,0.4,None,0.905,None,0,1,1,None,0.905
0.56,0.06,0.38,None,0.905,None,0,1,1,None,0.905
0.56,0.08,0.36,None,0.89,None,0,1,1,None,0.89
0.56,0.1,0.34,None,0.88,None,0,1,1,None,0.88
0.56,0.12,0.32,None,0.88,None,0,1,1,None,0.88
0.56,0.14,0.3,None,0.875,None,0,1,1,None,0.875
0.56,0.16,0.28,None,0.88,None,0,1,1,None,0.88
0.56,0.18,0.26,None,0.875,None,0,1,1,None,0.875
0.56,0.2,0.24,None,0.85,None,0,1,1,None,0.85
0.56,0.22,0.22,None,0.82,None,0,1,1,None,0.82
0.56,0.24,0.2,None,0.757324198,None,0,1,1,None,0.757324198
0.56,0.26,0.18,None,0.772836067,None,0,1,1,None,0.772836067
0.56,0.28,0.16,None,0.702836067,None,0,1,1,None,0.702836067
0.56,0.3,0.14,None,0.682836067,None,0,1,1,None,0.682836067
0.56,0.32,0.12,None,0.657836067,None,0,1,1,None,0.657836067
0.56,0.34,0.1,None,0.627836067,None,0,1,1,None,0.627836067
0.56,0.36,0.08,None,0.627836067,None,0,1,1,None,0.627836067
0.56,0.38,0.06,None,0.617836067,None,0,1,1,None,0.617836067
0.56,0.4,0.04,None,0.607836067,None,0,1,1,None,0.607836067
0.56,0.42,0.02,None,0.592836067,None,0,1,1,None,0.592836067
0.54,0.02,0.44,None,0.895,None,0,1,1,None,0.895
0.54,0.04,0.42,None,0.895,None,0,1,1,None,0.895
0.54,0.06,0.4,None,0.89,None,0,1,1,None,0.89
0.54,0.08,0.38,None,0.895,None,0,1,1,None,0.895
0.54,0.1,0.36,None,0.895,None,0,1,1,None,0.895
0.54,0.12,0.34,None,0.88,None,0,1,1,None,0.88
0.54,0.14,0.32,None,0.875,None,0,1,1,None,0.875
0.54,0.16,0.3,None,0.865,None,0,1,1,None,0.865
0.54,0.18,0.28,None,0.865,None,0,1,1,None,0.865
0.54,0.2,0.26,None,0.845,None,0,1,1,None,0.845
0.54,0.22,0.24,None,0.855,None,0,1,1,None,0.855
0.54,0.24,0.22,None,0.83,None,0,1,1,None,0.83
0.54,0.26,0.2,None,0.752836067,None,0,1,1,None,0.752836067
0.54,0.28,0.18,None,0.752836067,None,0,1,1,None,0.752836067
0.54,0.3,0.16,None,0.682836067,None,0,1,1,None,0.682836067
0.54,0.32,0.14,None,0.672836067,None,0,1,1,None,0.672836067
0.54,0.34,0.12,None,0.647836067,None,0,1,1,None,0.647836067
0.54,0.36,0.1,None,0.627836067,None,0,1,1,None,0.627836067
0.54,0.38,0.08,None,0.627836067,None,0,1,1,None,0.627836067
0.54,0.4,0.06,None,0.612836067,None,0,1,1,None,0.612836067
0.54,0.42,0.04,None,0.607836067,None,0,1,1,None,0.607836067
0.54,0.44,0.02,None,0.587836067,None,0,1,1,None,0.587836067
0.52,0.02,0.46,None,0.885,None,0,1,1,None,0.885
0.52,0.04,0.44,None,0.895,None,0,1,1,None,0.895
0.52,0.06,0.42,None,0.9,None,0,1,1,None,0.9
0.52,0.08,0.4,None,0.895,None,0,1,1,None,0.895
0.52,0.1,0.38,None,0.885,None,0,1,1,None,0.885
0.52,0.12,0.36,None,0.88,None,0,1,1,None,0.88
0.52,0.14,0.34,None,0.875,None,0,1,1,None,0.875
0.52,0.16,0.32,None,0.865,None,0,1,1,None,0.865
0.52,0.18,0.3,None,0.86,None,0,1,1,None,0.86
0.52,0.2,0.28,None,0.86,None,0,1,1,None,0.86
0.52,0.22,0.26,None,0.855,None,0,1,1,None,0.855
0.52,0.24,0.24,None,0.84,None,0,1,1,None,0.84
0.52,0.26,0.22,None,0.81,None,0,1,1,None,0.81
0.52,0.28,0.2,None,0.747836067,None,0,1,1,None,0.747836067
0.52,0.3,0.18,None,0.752836067,None,0,1,1,None,0.752836067
0.52,0.32,0.16,None,0.677836067,None,0,1,1,None,0.677836067
0.52,0.34,0.14,None,0.657836067,None,0,1,1,None,0.657836067
0.52,0.36,0.12,None,0.637836067,None,0,1,1,None,0.637836067
0.52,0.38,0.1,None,0.617836067,None,0,1,1,None,0.617836067
0.52,0.4,0.08,None,0.617836067,None,0,1,1,None,0.617836067
0.52,0.42,0.06,None,0.602836067,None,0,1,1,None,0.602836067
0.52,0.44,0.04,None,0.607836067,None,0,1,1,None,0.607836067
0.52,0.46,0.02,None,0.582836067,None,0,1,1,None,0.582836067
0.5,0.02,0.48,None,0.87,None,0,1,1,None,0.87
0.5,0.04,0.46,None,0.89,None,0,1,1,None,0.89
0.5,0.06,0.44,None,0.89,None,0,1,1,None,0.89
0.5,0.08,0.42,None,0.895,None,0,1,1,None,0.895
0.5,0.1,0.4,None,0.895,None,0,1,1,None,0.895
0.5,0.12,0.38,None,0.885,None,0,1,1,None,0.885
0.5,0.14,0.36,None,0.865,None,0,1,1,None,0.865
0.5,0.16,0.34,None,0.87,None,0,1,1,None,0.87
0.5,0.18,0.32,None,0.85,None,0,1,1,None,0.85
0.5,0.2,0.3,None,0.85,None,0,1,1,None,0.85
0.5,0.22,0.28,None,0.85,None,0,1,1,None,0.85
0.5,0.24,0.26,None,0.85,None,0,1,1,None,0.85
0.5,0.26,0.24,None,0.815,None,0,1,1,None,0.815
0.5,0.28,0.22,None,0.805,None,0,1,1,None,0.805
0.5,0.3,0.2,None,0.730869565,None,0,1,1,None,0.730869565
0.5,0.32,0.18,None,0.758705632,None,0,1,1,None,0.758705632
0.5,0.34,0.16,None,0.673705632,None,0,1,1,None,0.673705632
0.5,0.36,0.14,None,0.667836067,None,0,1,1,None,0.667836067
0.5,0.38,0.12,None,0.637836067,None,0,1,1,None,0.637836067
0.5,0.4,0.1,None,0.612836067,None,0,1,1,None,0.612836067
0.5,0.42,0.08,None,0.612836067,None,0,1,1,None,0.612836067
0.5,0.44,0.06,None,0.602836067,None,0,1,1,None,0.602836067
0.5,0.46,0.04,None,0.597836067,None,0,1,1,None,0.597836067
0.5,0.48,0.02,None,0.577836067,None,0,1,1,None,0.577836067
0.48,0.02,0.5,None,0.825,None,0,1,1,None,0.825
0.48,0.04,0.48,None,0.86,None,0,1,1,None,0.86
0.48,0.06,0.46,None,0.87,None,0,1,1,None,0.87
0.48,0.08,0.44,None,0.885,None,0,1,1,None,0.885
0.48,0.1,0.42,None,0.895,None,0,1,1,None,0.895
0.48,0.12,0.4,None,0.875,None,0,1,1,None,0.875
0.48,0.14,0.38,None,0.855,None,0,1,1,None,0.855
0.48,0.16,0.36,None,0.855,None,0,1,1,None,0.855
0.48,0.18,0.34,None,0.86,None,0,1,1,None,0.86
0.48,0.2,0.32,None,0.84,None,0,1,1,None,0.84
0.48,0.22,0.3,None,0.84,None,0,1,1,None,0.84
0.48,0.24,0.28,None,0.83,None,0,1,1,None,0.83
0.48,0.26,0.26,None,0.84,None,0,1,1,None,0.84
0.48,0.28,0.24,None,0.805,None,0,1,1,None,0.805
0.48,0.3,0.22,None,0.81,None,0,1,1,None,0.81
0.48,0.32,0.2,None,0.740869565,None,0,1,1,None,0.740869565
0.48,0.34,0.18,None,0.753705632,None,0,1,1,None,0.753705632
0.48,0.36,0.16,None,0.698705632,None,0,1,1,None,0.698705632
0.48,0.38,0.14,None,0.6586694,None,0,1,1,None,0.6586694
0.48,0.4,0.12,None,0.647836067,None,0,1,1,None,0.647836067
0.48,0.42,0.1,None,0.627836067,None,0,1,1,None,0.627836067
0.48,0.44,0.08,None,0.622836067,None,0,1,1,None,0.622836067
0.48,0.46,0.06,None,0.602836067,None,0,1,1,None,0.602836067
0.48,0.48,0.04,None,0.592836067,None,0,1,1,None,0.592836067
0.48,0.5,0.02,None,0.577836067,None,0,1,1,None,0.577836067
0.46,0.02,0.52,None,0.815,None,0,1,1,None,0.815
0.46,0.04,0.5,None,0.83,None,0,1,1,None,0.83
0.46,0.06,0.48,None,0.83,None,0,1,1,None,0.83
0.46,0.08,0.46,None,0.845,None,0,1,1,None,0.845
0.46,0.1,0.44,None,0.855,None,0,1,1,None,0.855
0.46,0.12,0.42,None,0.865,None,0,1,1,None,0.865
0.46,0.14,0.4,None,0.855,None,0,1,1,None,0.855
0.46,0.16,0.38,None,0.85,None,0,1,1,None,0.85
0.46,0.18,0.36,None,0.85,None,0,1,1,None,0.85
0.46,0.2,0.34,None,0.855,None,0,1,1,None,0.855
0.46,0.22,0.32,None,0.85,None,0,1,1,None,0.85
0.46,0.24,0.3,None,0.825,None,0,1,1,None,0.825
0.46,0.26,0.28,None,0.825,None,0,1,1,None,0.825
0.46,0.28,0.26,None,0.835,None,0,1,1,None,0.835
0.46,0.3,0.24,None,0.815,None,0,1,1,None,0.815
0.46,0.32,0.22,None,0.810833333,None,0,1,1,None,0.810833333
0.46,0.34,0.2,None,0.741702899,None,0,1,1,None,0.741702899
0.46,0.36,0.18,None,0.739538965,None,0,1,1,None,0.739538965
0.46,0.38,0.16,None,0.684538965,None,0,1,1,None,0.684538965
0.46,0.4,0.14,None,0.6486694,None,0,1,1,None,0.6486694
0.46,0.42,0.12,None,0.6436694,None,0,1,1,None,0.6436694
0.46,0.44,0.1,None,0.627836067,None,0,1,1,None,0.627836067
0.46,0.46,0.08,None,0.627836067,None,0,1,1,None,0.627836067
0.46,0.48,0.06,None,0.602836067,None,0,1,1,None,0.602836067
0.46,0.5,0.04,None,0.612836067,None,0,1,1,None,0.612836067
0.46,0.52,0.02,None,0.577836067,None,0,1,1,None,0.577836067
0.44,0.02,0.54,None,0.805,None,0,1,1,None,0.805
0.44,0.04,0.52,None,0.82,None,0,1,1,None,0.82
0.44,0.06,0.5,None,0.825,None,0,1,1,None,0.825
0.44,0.08,0.48,None,0.84,None,0,1,1,None,0.84
0.44,0.1,0.46,None,0.83,None,0,1,1,None,0.83
0.44,0.12,0.44,None,0.855,None,0,1,1,None,0.855
0.44,0.14,0.42,None,0.86,None,0,1,1,None,0.86
0.44,0.16,0.4,None,0.86,None,0,1,1,None,0.86
0.44,0.18,0.38,None,0.86,None,0,1,1,None,0.86
0.44,0.2,0.36,None,0.87,None,0,1,1,None,0.87
0.44,0.22,0.34,None,0.865,None,0,1,1,None,0.865
0.44,0.24,0.32,None,0.86,None,0,1,1,None,0.86
0.44,0.26,0.3,None,0.84,None,0,1,1,None,0.84
0.44,0.28,0.28,None,0.825,None,0,1,1,None,0.825
0.44,0.3,0.26,None,0.85,None,0,1,1,None,0.85
0.44,0.32,0.24,None,0.845,None,0,1,1,None,0.845
0.44,0.34,0.22,None,0.815833333,None,0,1,1,None,0.815833333
0.44,0.36,0.2,None,0.751702899,None,0,1,1,None,0.751702899
0.44,0.38,0.18,None,0.734538965,None,0,1,1,None,0.734538965
0.44,0.4,0.16,None,0.699538965,None,0,1,1,None,0.699538965
0.44,0.42,0.14,None,0.619538965,None,0,1,1,None,0.619538965
0.44,0.44,0.12,None,0.6436694,None,0,1,1,None,0.6436694
0.44,0.46,0.1,None,0.6286694,None,0,1,1,None,0.6286694
0.44,0.48,0.08,None,0.617836067,None,0,1,1,None,0.617836067
0.44,0.5,0.06,None,0.617836067,None,0,1,1,None,0.617836067
0.44,0.52,0.04,None,0.622836067,None,0,1,1,None,0.622836067
0.44,0.54,0.02,None,0.592836067,None,0,1,1,None,0.592836067
0.42,0.02,0.56,None,0.765,None,0,1,1,None,0.765
0.42,0.04,0.54,None,0.79,None,0,1,1,None,0.79
0.42,0.06,0.52,None,0.805,None,0,1,1,None,0.805
0.42,0.08,0.5,None,0.81,None,0,1,1,None,0.81
0.42,0.1,0.48,None,0.825,None,0,1,1,None,0.825
0.42,0.12,0.46,None,0.81,None,0,1,1,None,0.81
0.42,0.14,0.44,None,0.825,None,0,1,1,None,0.825
0.42,0.16,0.42,None,0.865,None,0,1,1,None,0.865
0.42,0.18,0.4,None,0.885,None,0,1,1,None,0.885
0.42,0.2,0.38,None,0.885,None,0,1,1,None,0.885
0.42,0.22,0.36,None,0.89,None,0,1,1,None,0.89
0.42,0.24,0.34,None,0.9,None,0,1,1,None,0.9
0.42,0.26,0.32,None,0.885,None,0,1,1,None,0.885
0.42,0.28,0.3,None,0.87,None,0,1,1,None,0.87
0.42,0.3,0.28,None,0.865,None,0,1,1,None,0.865
0.42,0.32,0.26,None,0.88,None,0,1,1,None,0.88
0.42,0.34,0.24,None,0.875,None,0,1,1,None,0.875
0.42,0.36,0.22,None,0.850833333,None,0,1,1,None,0.850833333
0.42,0.38,0.2,None,0.756702899,None,0,1,1,None,0.756702899
0.42,0.4,0.18,None,0.736702899,None,0,1,1,None,0.736702899
0.42,0.42,0.16,None,0.684538965,None,0,1,1,None,0.684538965
0.42,0.44,0.14,None,0.639538965,None,0,1,1,None,0.639538965
0.42,0.46,0.12,None,0.644538965,None,0,1,1,None,0.644538965
0.42,0.48,0.1,None,0.6586694,None,0,1,1,None,0.6586694
0.42,0.5,0.08,None,0.647836067,None,0,1,1,None,0.647836067
0.42,0.52,0.06,None,0.627836067,None,0,1,1,None,0.627836067
0.42,0.54,0.04,None,0.632836067,None,0,1,1,None,0.632836067
0.42,0.56,0.02,None,0.607836067,None,0,1,1,None,0.607836067
0.4,0.02,0.58,None,0.73,None,0,1,1,None,0.73
0.4,0.04,0.56,None,0.755,None,0,1,1,None,0.755
0.4,0.06,0.54,None,0.754523179,None,0,1,1,None,0.754523179
0.4,0.08,0.52,None,0.78,None,0,1,1,None,0.78
0.4,0.1,0.5,None,0.8,None,0,1,1,None,0.8
0.4,0.12,0.48,None,0.805,None,0,1,1,None,0.805
0.4,0.14,0.46,None,0.79,None,0,1,1,None,0.79
0.4,0.16,0.44,None,0.79,None,0,1,1,None,0.79
0.4,0.18,0.42,None,0.84,None,0,1,1,None,0.84
0.4,0.2,0.4,None,0.855,None,0,1,1,None,0.855
0.4,0.22,0.38,None,0.885,None,0,1,1,None,0.885
0.4,0.24,0.36,None,0.895,None,0,1,1,None,0.895
0.4,0.26,0.34,None,0.88,None,0,1,1,None,0.88
0.4,0.28,0.32,None,0.88,None,0,1,1,None,0.88
0.4,0.3,0.3,None,0.87,None,0,1,1,None,0.87
0.4,0.32,0.28,None,0.88,None,0,1,1,None,0.88
0.4,0.34,0.26,None,0.88,None,0,1,1,None,0.88
0.4,0.36,0.24,None,0.87,None,0,1,1,None,0.87
0.4,0.38,0.22,None,0.840833333,None,0,1,1,None,0.840833333
0.4,0.4,0.2,None,0.756702899,None,0,1,1,None,0.756702899
0.4,0.42,0.18,None,0.721702899,None,0,1,1,None,0.721702899
0.4,0.44,0.16,None,0.714538965,None,0,1,1,None,0.714538965
0.4,0.46,0.14,None,0.669538965,None,0,1,1,None,0.669538965
0.4,0.48,0.12,None,0.654538965,None,0,1,1,None,0.654538965
0.4,0.5,0.1,None,0.6686694,None,0,1,1,None,0.6686694
0.4,0.52,0.08,None,0.657836067,None,0,1,1,None,0.657836067
0.4,0.54,0.06,None,0.657836067,None,0,1,1,None,0.657836067
0.4,0.56,0.04,None,0.662836067,None,0,1,1,None,0.662836067
0.4,0.58,0.02,None,0.637836067,None,0,1,1,None,0.637836067
0.38,0.02,0.6,None,0.735,None,0,1,1,None,0.735
0.38,0.04,0.58,None,0.755,None,0,1,1,None,0.755
0.38,0.06,0.56,None,0.75,None,0,1,1,None,0.75
0.38,0.08,0.54,None,0.74,None,0,1,1,None,0.74
0.38,0.1,0.52,None,0.77,None,0,1,1,None,0.77
0.38,0.12,0.5,None,0.77,None,0,1,1,None,0.77
0.38,0.14,0.48,None,0.785,None,0,1,1,None,0.785
0.38,0.16,0.46,None,0.775,None,0,1,1,None,0.775
0.38,0.18,0.44,None,0.775,None,0,1,1,None,0.775
0.38,0.2,0.42,None,0.82,None,0,1,1,None,0.82
0.38,0.22,0.4,None,0.84,None,0,1,1,None,0.84
0.38,0.24,0.38,None,0.845,None,0,1,1,None,0.845
0.38,0.26,0.36,None,0.875,None,0,1,1,None,0.875
0.38,0.28,0.34,None,0.87,None,0,1,1,None,0.87
0.38,0.3,0.32,None,0.87,None,0,1,1,None,0.87
0.38,0.32,0.3,None,0.895,None,0,1,1,None,0.895
0.38,0.34,0.28,None,0.885,None,0,1,1,None,0.885
0.38,0.36,0.26,None,0.87,None,0,1,1,None,0.87
0.38,0.38,0.24,None,0.820833333,None,0,1,1,None,0.820833333
0.38,0.4,0.22,None,0.815833333,None,0,1,1,None,0.815833333
0.38,0.42,0.2,None,0.751702899,None,0,1,1,None,0.751702899
0.38,0.44,0.18,None,0.735833333,None,0,1,1,None,0.735833333
0.38,0.46,0.16,None,0.719538965,None,0,1,1,None,0.719538965
0.38,0.48,0.14,None,0.659538965,None,0,1,1,None,0.659538965
0.38,0.5,0.12,None,0.654538965,None,0,1,1,None,0.654538965
0.38,0.52,0.1,None,0.6686694,None,0,1,1,None,0.6686694
0.38,0.54,0.08,None,0.662836067,None,0,1,1,None,0.662836067
0.38,0.56,0.06,None,0.662836067,None,0,1,1,None,0.662836067
0.38,0.58,0.04,None,0.647836067,None,0,1,1,None,0.647836067
0.38,0.6,0.02,None,0.642836067,None,0,1,1,None,0.642836067
0.36,0.02,0.62,None,0.73,None,0,1,1,None,0.73
0.36,0.04,0.6,None,0.74,None,0,1,1,None,0.74
0.36,0.06,0.58,None,0.73,None,0,1,1,None,0.73
0.36,0.08,0.56,None,0.715,None,0,1,1,None,0.715
0.36,0.1,0.54,None,0.72,None,0,1,1,None,0.72
0.36,0.12,0.52,None,0.745,None,0,1,1,None,0.745
0.36,0.14,0.5,None,0.74,None,0,1,1,None,0.74
0.36,0.16,0.48,None,0.75,None,0,1,1,None,0.75
0.36,0.18,0.46,None,0.745,None,0,1,1,None,0.745
0.36,0.2,0.44,None,0.745,None,0,1,1,None,0.745
0.36,0.22,0.42,None,0.8,None,0,1,1,None,0.8
0.36,0.24,0.4,None,0.84,None,0,1,1,None,0.84
0.36,0.26,0.38,None,0.845,None,0,1,1,None,0.845
0.36,0.28,0.36,None,0.855,None,0,1,1,None,0.855
0.36,0.3,0.34,None,0.87,None,0,1,1,None,0.87
0.36,0.32,0.32,None,0.885,None,0,1,1,None,0.885
0.36,0.34,0.3,None,0.885,None,0,1,1,None,0.885
0.36,0.36,0.28,None,0.86,None,0,1,1,None,0.86
0.36,0.38,0.26,None,0.855,None,0,1,1,None,0.855
0.36,0.4,0.24,None,0.850833333,None,0,1,1,None,0.850833333
0.36,0.42,0.22,None,0.805833333,None,0,1,1,None,0.805833333
0.36,0.44,0.2,None,0.750833333,None,0,1,1,None,0.750833333
0.36,0.46,0.18,None,0.725833333,None,0,1,1,None,0.725833333
0.36,0.48,0.16,None,0.7236694,None,0,1,1,None,0.7236694
0.36,0.5,0.14,None,0.6786694,None,0,1,1,None,0.6786694
0.36,0.52,0.12,None,0.6836694,None,0,1,1,None,0.6836694
0.36,0.54,0.1,None,0.6836694,None,0,1,1,None,0.6836694
0.36,0.56,0.08,None,0.672836067,None,0,1,1,None,0.672836067
0.36,0.58,0.06,None,0.672836067,None,0,1,1,None,0.672836067
0.36,0.6,0.04,None,0.672836067,None,0,1,1,None,0.672836067
0.36,0.62,0.02,None,0.652836067,None,0,1,1,None,0.652836067
0.34,0.02,0.64,None,0.675,None,0,1,1,None,0.675
0.34,0.04,0.62,None,0.685,None,0,1,1,None,0.685
0.34,0.06,0.6,None,0.68,None,0,1,1,None,0.68
0.34,0.08,0.58,None,0.695,None,0,1,1,None,0.695
0.34,0.1,0.56,None,0.705,None,0,1,1,None,0.705
0.34,0.12,0.54,None,0.72,None,0,1,1,None,0.72
0.34,0.14,0.52,None,0.725,None,0,1,1,None,0.725
0.34,0.16,0.5,None,0.74,None,0,1,1,None,0.74
0.34,0.18,0.48,None,0.74,None,0,1,1,None,0.74
0.34,0.2,0.46,None,0.725,None,0,1,1,None,0.725
0.34,0.22,0.44,None,0.745,None,0,1,1,None,0.745
0.34,0.24,0.42,None,0.76,None,0,1,1,None,0.76
0.34,0.26,0.4,None,0.81,None,0,1,1,None,0.81
0.34,0.28,0.38,None,0.835,None,0,1,1,None,0.835
0.34,0.3,0.36,None,0.84,None,0,1,1,None,0.84
0.34,0.32,0.34,None,0.875,None,0,1,1,None,0.875
0.34,0.34,0.32,None,0.88,None,0,1,1,None,0.88
0.34,0.36,0.3,None,0.88,None,0,1,1,None,0.88
0.34,0.38,0.28,None,0.85,None,0,1,1,None,0.85
0.34,0.4,0.26,None,0.84,None,0,1,1,None,0.84
0.34,0.42,0.24,None,0.830833333,None,0,1,1,None,0.830833333
0.34,0.44,0.22,None,0.780833333,None,0,1,1,None,0.780833333
0.34,0.46,0.2,None,0.765833333,None,0,1,1,None,0.765833333
0.34,0.48,0.18,None,0.760833333,None,0,1,1,None,0.760833333
0.34,0.5,0.16,None,0.730833333,None,0,1,1,None,0.730833333
0.34,0.52,0.14,None,0.6986694,None,0,1,1,None,0.6986694
0.34,0.54,0.12,None,0.6886694,None,0,1,1,None,0.6886694
0.34,0.56,0.1,None,0.6586694,None,0,1,1,None,0.6586694
0.34,0.58,0.08,None,0.672836067,None,0,1,1,None,0.672836067
0.34,0.6,0.06,None,0.672836067,None,0,1,1,None,0.672836067
0.34,0.62,0.04,None,0.672836067,None,0,1,1,None,0.672836067
0.34,0.64,0.02,None,0.652836067,None,0,1,1,None,0.652836067
0.32,0.02,0.66,None,0.645,None,0,1,1,None,0.645
0.32,0.04,0.64,None,0.665,None,0,1,1,None,0.665
0.32,0.06,0.62,None,0.665,None,0,1,1,None,0.665
0.32,0.08,0.6,None,0.66,None,0,1,1,None,0.66
0.32,0.1,0.58,None,0.689903612,None,0,1,1,None,0.689903612
0.32,0.12,0.56,None,0.694903612,None,0,1,1,None,0.694903612
0.32,0.14,0.54,None,0.699903612,None,0,1,1,None,0.699903612
0.32,0.16,0.52,None,0.699903612,None,0,1,1,None,0.699903612
0.32,0.18,0.5,None,0.709903612,None,0,1,1,None,0.709903612
0.32,0.2,0.48,None,0.73,None,0,1,1,None,0.73
0.32,0.22,0.46,None,0.735,None,0,1,1,None,0.735
0.32,0.24,0.44,None,0.745,None,0,1,1,None,0.745
0.32,0.26,0.42,None,0.745,None,0,1,1,None,0.745
0.32,0.28,0.4,None,0.805,None,0,1,1,None,0.805
0.32,0.3,0.38,None,0.805,None,0,1,1,None,0.805
0.32,0.32,0.36,None,0.835,None,0,1,1,None,0.835
0.32,0.34,0.34,None,0.84,None,0,1,1,None,0.84
0.32,0.36,0.32,None,0.865,None,0,1,1,None,0.865
0.32,0.38,0.3,None,0.865,None,0,1,1,None,0.865
0.32,0.4,0.28,None,0.83,None,0,1,1,None,0.83
0.32,0.42,0.26,None,0.83,None,0,1,1,None,0.83
0.32,0.44,0.24,None,0.835833333,None,0,1,1,None,0.835833333
0.32,0.46,0.22,None,0.790833333,None,0,1,1,None,0.790833333
0.32,0.48,0.2,None,0.748333333,None,0,1,1,None,0.748333333
0.32,0.5,0.18,None,0.735833333,None,0,1,1,None,0.735833333
0.32,0.52,0.16,None,0.750833333,None,0,1,1,None,0.750833333
0.32,0.54,0.14,None,0.6886694,None,0,1,1,None,0.6886694
0.32,0.56,0.12,None,0.6836694,None,0,1,1,None,0.6836694
0.32,0.58,0.1,None,0.6586694,None,0,1,1,None,0.6586694
0.32,0.6,0.08,None,0.672836067,None,0,1,1,None,0.672836067
0.32,0.62,0.06,None,0.672836067,None,0,1,1,None,0.672836067
0.32,0.64,0.04,None,0.657836067,None,0,1,1,None,0.657836067
0.32,0.66,0.02,None,0.652836067,None,0,1,1,None,0.652836067
0.3,0.02,0.68,None,0.580569265,None,0,1,1,None,0.580569265
0.3,0.04,0.66,None,0.615480769,None,0,1,1,None,0.615480769
0.3,0.06,0.64,None,0.630480769,None,0,1,1,None,0.630480769
0.3,0.08,0.62,None,0.645,None,0,1,1,None,0.645
0.3,0.1,0.6,None,0.66,None,0,1,1,None,0.66
0.3,0.12,0.58,None,0.679903612,None,0,1,1,None,0.679903612
0.3,0.14,0.56,None,0.679903612,None,0,1,1,None,0.679903612
0.3,0.16,0.54,None,0.684903612,None,0,1,1,None,0.684903612
0.3,0.18,0.52,None,0.689903612,None,0,1,1,None,0.689903612
0.3,0.2,0.5,None,0.684903612,None,0,1,1,None,0.684903612
0.3,0.22,0.48,None,0.689903612,None,0,1,1,None,0.689903612
0.3,0.24,0.46,None,0.714903612,None,0,1,1,None,0.714903612
0.3,0.26,0.44,None,0.719903612,None,0,1,1,None,0.719903612
0.3,0.28,0.42,None,0.744903612,None,0,1,1,None,0.744903612
0.3,0.3,0.4,None,0.79,None,0,1,1,None,0.79
0.3,0.32,0.38,None,0.8,None,0,1,1,None,0.8
0.3,0.34,0.36,None,0.8,None,0,1,1,None,0.8
0.3,0.36,0.34,None,0.85,None,0,1,1,None,0.85
0.3,0.38,0.32,None,0.85,None,0,1,1,None,0.85
0.3,0.4,0.3,None,0.85,None,0,1,1,None,0.85
0.3,0.42,0.28,None,0.835,None,0,1,1,None,0.835
0.3,0.44,0.26,None,0.83,None,0,1,1,None,0.83
0.3,0.46,0.24,None,0.800833333,None,0,1,1,None,0.800833333
0.3,0.48,0.22,None,0.795833333,None,0,1,1,None,0.795833333
0.3,0.5,0.2,None,0.743333333,None,0,1,1,None,0.743333333
0.3,0.52,0.18,None,0.725833333,None,0,1,1,None,0.725833333
0.3,0.54,0.16,None,0.700833333,None,0,1,1,None,0.700833333
0.3,0.56,0.14,None,0.6786694,None,0,1,1,None,0.6786694
0.3,0.58,0.12,None,0.6636694,None,0,1,1,None,0.6636694
0.3,0.6,0.1,None,0.6386694,None,0,1,1,None,0.6386694
0.3,0.62,0.08,None,0.657836067,None,0,1,1,None,0.657836067
0.3,0.64,0.06,None,0.667836067,None,0,1,1,None,0.667836067
0.3,0.66,0.04,None,0.662836067,None,0,1,1,None,0.662836067
0.3,0.68,0.02,None,0.647836067,None,0,1,1,None,0.647836067
0.28,0.02,0.7,None,0.564969265,None,0,1,1,None,0.564969265
0.28,0.04,0.68,None,0.585569265,None,0,1,1,None,0.585569265
0.28,0.06,0.66,None,0.585569265,None,0,1,1,None,0.585569265
0.28,0.08,0.64,None,0.605569265,None,0,1,1,None,0.605569265
0.28,0.1,0.62,None,0.600569265,None,0,1,1,None,0.600569265
0.28,0.12,0.6,None,0.620480769,None,0,1,1,None,0.620480769
0.28,0.14,0.58,None,0.649903612,None,0,1,1,None,0.649903612
0.28,0.16,0.56,None,0.679903612,None,0,1,1,None,0.679903612
0.28,0.18,0.54,None,0.679903612,None,0,1,1,None,0.679903612
0.28,0.2,0.52,None,0.669903612,None,0,1,1,None,0.669903612
0.28,0.22,0.5,None,0.664903612,None,0,1,1,None,0.664903612
0.28,0.24,0.48,None,0.689903612,None,0,1,1,None,0.689903612
0.28,0.26,0.46,None,0.684903612,None,0,1,1,None,0.684903612
0.28,0.28,0.44,None,0.709903612,None,0,1,1,None,0.709903612
0.28,0.3,0.42,None,0.699903612,None,0,1,1,None,0.699903612
0.28,0.32,0.4,None,0.725,None,0,1,1,None,0.725
0.28,0.34,0.38,None,0.755,None,0,1,1,None,0.755
0.28,0.36,0.36,None,0.79,None,0,1,1,None,0.79
0.28,0.38,0.34,None,0.825,None,0,1,1,None,0.825
0.28,0.4,0.32,None,0.835,None,0,1,1,None,0.835
0.28,0.42,0.3,None,0.855,None,0,1,1,None,0.855
0.28,0.44,0.28,None,0.84,None,0,1,1,None,0.84
0.28,0.46,0.26,None,0.84,None,0,1,1,None,0.84
0.28,0.48,0.24,None,0.825833333,None,0,1,1,None,0.825833333
0.28,0.5,0.22,None,0.805833333,None,0,1,1,None,0.805833333
0.28,0.52,0.2,None,0.773333333,None,0,1,1,None,0.773333333
0.28,0.54,0.18,None,0.720833333,None,0,1,1,None,0.720833333
0.28,0.56,0.16,None,0.700833333,None,0,1,1,None,0.700833333
0.28,0.58,0.14,None,0.6686694,None,0,1,1,None,0.6686694
0.28,0.6,0.12,None,0.6686694,None,0,1,1,None,0.6686694
0.28,0.62,0.1,None,0.6286694,None,0,1,1,None,0.6286694
0.28,0.64,0.08,None,0.647836067,None,0,1,1,None,0.647836067
0.28,0.66,0.06,None,0.662836067,None,0,1,1,None,0.662836067
0.28,0.68,0.04,None,0.657836067,None,0,1,1,None,0.657836067
0.28,0.7,0.02,None,0.627836067,None,0,1,1,None,0.627836067
0.26,0.02,0.72,None,0.544969265,None,0,1,1,None,0.544969265
0.26,0.04,0.7,None,0.554969265,None,0,1,1,None,0.554969265
0.26,0.06,0.68,None,0.564969265,None,0,1,1,None,0.564969265
0.26,0.08,0.66,None,0.565569265,None,0,1,1,None,0.565569265
0.26,0.1,0.64,None,0.595569265,None,0,1,1,None,0.595569265
0.26,0.12,0.62,None,0.590569265,None,0,1,1,None,0.590569265
0.26,0.14,0.6,None,0.605569265,None,0,1,1,None,0.605569265
0.26,0.16,0.58,None,0.620472877,None,0,1,1,None,0.620472877
0.26,0.18,0.56,None,0.640384381,None,0,1,1,None,0.640384381
0.26,0.2,0.54,None,0.640384381,None,0,1,1,None,0.640384381
0.26,0.22,0.52,None,0.664903612,None,0,1,1,None,0.664903612
0.26,0.24,0.5,None,0.654903612,None,0,1,1,None,0.654903612
0.26,0.26,0.48,None,0.649903612,None,0,1,1,None,0.649903612
0.26,0.28,0.46,None,0.644903612,None,0,1,1,None,0.644903612
0.26,0.3,0.44,None,0.644903612,None,0,1,1,None,0.644903612
0.26,0.32,0.42,None,0.674903612,None,0,1,1,None,0.674903612
0.26,0.34,0.4,None,0.69,None,0,1,1,None,0.69
0.26,0.36,0.38,None,0.735,None,0,1,1,None,0.735
0.26,0.38,0.36,None,0.815,None,0,1,1,None,0.815
0.26,0.4,0.34,None,0.82,None,0,1,1,None,0.82
0.26,0.42,0.32,None,0.83,None,0,1,1,None,0.83
0.26,0.44,0.3,None,0.825,None,0,1,1,None,0.825
0.26,0.46,0.28,None,0.82,None,0,1,1,None,0.82
0.26,0.48,0.26,None,0.83,None,0,1,1,None,0.83
0.26,0.5,0.24,None,0.810833333,None,0,1,1,None,0.810833333
0.26,0.52,0.22,None,0.815833333,None,0,1,1,None,0.815833333
0.26,0.54,0.2,None,0.753333333,None,0,1,1,None,0.753333333
0.26,0.56,0.18,None,0.745833333,None,0,1,1,None,0.745833333
0.26,0.58,0.16,None,0.695833333,None,0,1,1,None,0.695833333
0.26,0.6,0.14,None,0.685833333,None,0,1,1,None,0.685833333
0.26,0.62,0.12,None,0.6636694,None,0,1,1,None,0.6636694
0.26,0.64,0.1,None,0.6286694,None,0,1,1,None,0.6286694
0.26,0.66,0.08,None,0.647836067,None,0,1,1,None,0.647836067
0.26,0.68,0.06,None,0.657836067,None,0,1,1,None,0.657836067
0.26,0.7,0.04,None,0.637836067,None,0,1,1,None,0.637836067
0.26,0.72,0.02,None,0.595,None,0,1,1,None,0.595
0.24,0.02,0.74,None,0.549969265,None,0,1,1,None,0.549969265
0.24,0.04,0.72,None,0.564969265,None,0,1,1,None,0.564969265
0.24,0.06,0.7,None,0.554969265,None,0,1,1,None,0.554969265
0.24,0.08,0.68,None,0.534969265,None,0,1,1,None,0.534969265
0.24,0.1,0.66,None,0.560569265,None,0,1,1,None,0.560569265
0.24,0.12,0.64,None,0.560569265,None,0,1,1,None,0.560569265
0.24,0.14,0.62,None,0.570569265,None,0,1,1,None,0.570569265
0.24,0.16,0.6,None,0.585569265,None,0,1,1,None,0.585569265
0.24,0.18,0.58,None,0.600472877,None,0,1,1,None,0.600472877
0.24,0.2,0.56,None,0.605472877,None,0,1,1,None,0.605472877
0.24,0.22,0.54,None,0.575472877,None,0,1,1,None,0.575472877
0.24,0.24,0.52,None,0.600472877,None,0,1,1,None,0.600472877
0.24,0.26,0.5,None,0.585384381,None,0,1,1,None,0.585384381
0.24,0.28,0.48,None,0.604903612,None,0,1,1,None,0.604903612
0.24,0.3,0.46,None,0.629903612,None,0,1,1,None,0.629903612
0.24,0.32,0.44,None,0.639903612,None,0,1,1,None,0.639903612
0.24,0.34,0.42,None,0.669903612,None,0,1,1,None,0.669903612
0.24,0.36,0.4,None,0.68,None,0,1,1,None,0.68
0.24,0.38,0.38,None,0.76,None,0,1,1,None,0.76
0.24,0.4,0.36,None,0.8,None,0,1,1,None,0.8
0.24,0.42,0.34,None,0.8,None,0,1,1,None,0.8
0.24,0.44,0.32,None,0.805,None,0,1,1,None,0.805
0.24,0.46,0.3,None,0.81,None,0,1,1,None,0.81
0.24,0.48,0.28,None,0.82,None,0,1,1,None,0.82
0.24,0.5,0.26,None,0.825,None,0,1,1,None,0.825
0.24,0.52,0.24,None,0.815833333,None,0,1,1,None,0.815833333
0.24,0.54,0.22,None,0.811702899,None,0,1,1,None,0.811702899
0.24,0.56,0.2,None,0.754202899,None,0,1,1,None,0.754202899
0.24,0.58,0.18,None,0.731702899,None,0,1,1,None,0.731702899
0.24,0.6,0.16,None,0.711702899,None,0,1,1,None,0.711702899
0.24,0.62,0.14,None,0.671702899,None,0,1,1,None,0.671702899
0.24,0.64,0.12,None,0.659538965,None,0,1,1,None,0.659538965
0.24,0.66,0.1,None,0.624538965,None,0,1,1,None,0.624538965
0.24,0.68,0.08,None,0.642836067,None,0,1,1,None,0.642836067
0.24,0.7,0.06,None,0.632836067,None,0,1,1,None,0.632836067
0.24,0.72,0.04,None,0.627836067,None,0,1,1,None,0.627836067
0.24,0.74,0.02,None,0.6,None,0,1,1,None,0.6
0.22,0.02,0.76,None,0.544969265,None,0,1,1,None,0.544969265
0.22,0.04,0.74,None,0.544969265,None,0,1,1,None,0.544969265
0.22,0.06,0.72,None,0.544969265,None,0,1,1,None,0.544969265
0.22,0.08,0.7,None,0.534969265,None,0,1,1,None,0.534969265
0.22,0.1,0.68,None,0.534969265,None,0,1,1,None,0.534969265
0.22,0.12,0.66,None,0.530569265,None,0,1,1,None,0.530569265
0.22,0.14,0.64,None,0.515569265,None,0,1,1,None,0.515569265
0.22,0.16,0.62,None,0.515569265,None,0,1,1,None,0.515569265
0.22,0.18,0.6,None,0.525569265,None,0,1,1,None,0.525569265
0.22,0.2,0.58,None,0.530472877,None,0,1,1,None,0.530472877
0.22,0.22,0.56,None,0.535472877,None,0,1,1,None,0.535472877
0.22,0.24,0.54,None,0.540472877,None,0,1,1,None,0.540472877
0.22,0.26,0.52,None,0.560472877,None,0,1,1,None,0.560472877
0.22,0.28,0.5,None,0.565472877,None,0,1,1,None,0.565472877
0.22,0.3,0.48,None,0.569992108,None,0,1,1,None,0.569992108
0.22,0.32,0.46,None,0.584903612,None,0,1,1,None,0.584903612
0.22,0.34,0.44,None,0.604903612,None,0,1,1,None,0.604903612
0.22,0.36,0.42,None,0.655,None,0,1,1,None,0.655
0.22,0.38,0.4,None,0.665,None,0,1,1,None,0.665
0.22,0.4,0.38,None,0.71,None,0,1,1,None,0.71
0.22,0.42,0.36,None,0.77,None,0,1,1,None,0.77
0.22,0.44,0.34,None,0.77,None,0,1,1,None,0.77
0.22,0.46,0.32,None,0.795,None,0,1,1,None,0.795
0.22,0.48,0.3,None,0.795,None,0,1,1,None,0.795
0.22,0.5,0.28,None,0.775,None,0,1,1,None,0.775
0.22,0.52,0.26,None,0.805,None,0,1,1,None,0.805
0.22,0.54,0.24,None,0.810833333,None,0,1,1,None,0.810833333
0.22,0.56,0.22,None,0.796702899,None,0,1,1,None,0.796702899
0.22,0.58,0.2,None,0.721702899,None,0,1,1,None,0.721702899
0.22,0.6,0.18,None,0.716702899,None,0,1,1,None,0.716702899
0.22,0.62,0.16,None,0.656702899,None,0,1,1,None,0.656702899
0.22,0.64,0.14,None,0.646702899,None,0,1,1,None,0.646702899
0.22,0.66,0.12,None,0.629538965,None,0,1,1,None,0.629538965
0.22,0.68,0.1,None,0.619538965,None,0,1,1,None,0.619538965
0.22,0.7,0.08,None,0.627836067,None,0,1,1,None,0.627836067
0.22,0.72,0.06,None,0.617836067,None,0,1,1,None,0.617836067
0.22,0.74,0.04,None,0.612836067,None,0,1,1,None,0.612836067
0.22,0.76,0.02,None,0.585,None,0,1,1,None,0.585
0.2,0.02,0.78,None,0.509969265,None,0,1,1,None,0.509969265
0.2,0.04,0.76,None,0.519969265,None,0,1,1,None,0.519969265
0.2,0.06,0.74,None,0.524969265,None,0,1,1,None,0.524969265
0.2,0.08,0.72,None,0.519969265,None,0,1,1,None,0.519969265
0.2,0.1,0.7,None,0.509969265,None,0,1,1,None,0.509969265
0.2,0.12,0.68,None,0.514969265,None,0,1,1,None,0.514969265
0.2,0.14,0.66,None,0.495569265,None,1,1,1,None,0.495569265
0.2,0.16,0.64,None,0.500569265,None,0,1,1,None,0.500569265
0.2,0.18,0.62,None,0.510569265,None,0,1,1,None,0.510569265
0.2,0.2,0.6,None,0.530569265,None,0,1,1,None,0.530569265
0.2,0.22,0.58,None,0.535472877,None,0,1,1,None,0.535472877
0.2,0.24,0.56,None,0.545472877,None,0,1,1,None,0.545472877
0.2,0.26,0.54,None,0.545472877,None,0,1,1,None,0.545472877
0.2,0.28,0.52,None,0.540472877,None,0,1,1,None,0.540472877
0.2,0.3,0.5,None,0.540472877,None,0,1,1,None,0.540472877
0.2,0.32,0.48,None,0.554992108,None,0,1,1,None,0.554992108
0.2,0.34,0.46,None,0.555088496,None,0,1,1,None,0.555088496
0.2,0.36,0.44,None,0.550088496,None,0,1,1,None,0.550088496
0.2,0.38,0.42,None,0.605088496,None,0,1,1,None,0.605088496
0.2,0.4,0.4,None,0.655,None,0,1,1,None,0.655
0.2,0.42,0.38,None,0.66,None,0,1,1,None,0.66
0.2,0.44,0.36,None,0.71,None,0,1,1,None,0.71
0.2,0.46,0.34,None,0.74,None,0,1,1,None,0.74
0.2,0.48,0.32,None,0.74,None,0,1,1,None,0.74
0.2,0.5,0.3,None,0.73,None,0,1,1,None,0.73
0.2,0.52,0.28,None,0.725,None,0,1,1,None,0.725
0.2,0.54,0.26,None,0.770833333,None,0,1,1,None,0.770833333
0.2,0.56,0.24,None,0.755833333,None,0,1,1,None,0.755833333
0.2,0.58,0.22,None,0.721702899,None,0,1,1,None,0.721702899
0.2,0.6,0.2,None,0.671702899,None,0,1,1,None,0.671702899
0.2,0.62,0.18,None,0.696702899,None,0,1,1,None,0.696702899
0.2,0.64,0.16,None,0.651702899,None,0,1,1,None,0.651702899
0.2,0.66,0.14,None,0.626702899,None,0,1,1,None,0.626702899
0.2,0.68,0.12,None,0.599538965,None,0,1,1,None,0.599538965
0.2,0.7,0.1,None,0.6086694,None,0,1,1,None,0.6086694
0.2,0.72,0.08,None,0.607836067,None,0,1,1,None,0.607836067
0.2,0.74,0.06,None,0.602836067,None,0,1,1,None,0.602836067
0.2,0.76,0.04,None,0.582836067,None,0,1,1,None,0.582836067
0.2,0.78,0.02,None,0.54,None,0,1,1,None,0.54
0.18,0.02,0.8,None,0.531402598,None,0,1,1,None,0.531402598
0.18,0.04,0.78,None,0.490569265,None,1,1,1,None,0.490569265
0.18,0.06,0.76,None,0.465569265,None,1,1,1,None,0.465569265
0.18,0.08,0.74,None,0.470569265,None,1,1,1,None,0.470569265
0.18,0.1,0.72,None,0.475569265,None,1,1,1,None,0.475569265
0.18,0.12,0.7,None,0.480569265,None,1,1,1,None,0.480569265
0.18,0.14,0.68,None,0.485569265,None,1,1,1,None,0.485569265
0.18,0.16,0.66,None,0.480569265,None,1,1,1,None,0.480569265
0.18,0.18,0.64,None,0.495569265,None,1,1,1,None,0.495569265
0.18,0.2,0.62,None,0.490569265,None,1,1,1,None,0.490569265
0.18,0.22,0.6,None,0.490569265,None,1,1,1,None,0.490569265
0.18,0.24,0.58,None,0.500472877,None,0,1,1,None,0.500472877
0.18,0.26,0.56,None,0.505472877,None,0,1,1,None,0.505472877
0.18,0.28,0.54,None,0.510472877,None,0,1,1,None,0.510472877
0.18,0.3,0.52,None,0.505472877,None,0,1,1,None,0.505472877
0.18,0.32,0.5,None,0.490088496,None,1,1,1,None,0.490088496
0.18,0.34,0.48,None,0.485088496,None,1,1,1,None,0.485088496
0.18,0.36,0.46,None,0.505088496,None,0,1,1,None,0.505088496
0.18,0.38,0.44,None,0.505088496,None,0,1,1,None,0.505088496
0.18,0.4,0.42,None,0.542588496,None,0,1,1,None,0.542588496
0.18,0.42,0.4,None,0.5625,None,0,1,1,None,0.5625
0.18,0.44,0.38,None,0.5775,None,0,1,1,None,0.5775
0.18,0.46,0.36,None,0.6575,None,0,1,1,None,0.6575
0.18,0.48,0.34,None,0.6525,None,0,1,1,None,0.6525
0.18,0.5,0.32,None,0.6625,None,0,1,1,None,0.6625
0.18,0.52,0.3,None,0.645,None,0,1,1,None,0.645
0.18,0.54,0.28,None,0.645,None,0,1,1,None,0.645
0.18,0.56,0.26,None,0.660833333,None,0,1,1,None,0.660833333
0.18,0.58,0.24,None,0.660833333,None,0,1,1,None,0.660833333
0.18,0.6,0.22,None,0.656702899,None,0,1,1,None,0.656702899
0.18,0.62,0.2,None,0.616702899,None,0,1,1,None,0.616702899
0.18,0.64,0.18,None,0.641702899,None,0,1,1,None,0.641702899
0.18,0.66,0.16,None,0.616702899,None,0,1,1,None,0.616702899
0.18,0.68,0.14,None,0.586702899,None,0,1,1,None,0.586702899
0.18,0.7,0.12,None,0.556702899,None,0,1,1,None,0.556702899
0.18,0.72,0.1,None,0.5886694,None,0,1,1,None,0.5886694
0.18,0.74,0.08,None,0.612836067,None,0,1,1,None,0.612836067
0.18,0.76,0.06,None,0.592836067,None,0,1,1,None,0.592836067
0.18,0.78,0.04,None,0.562836067,None,0,1,1,None,0.562836067
0.18,0.8,0.02,None,0.53,None,0,1,1,None,0.53
0.16,0.02,0.82,None,0.560921829,None,0,1,1,None,0.560921829
0.16,0.04,0.8,None,0.506402598,None,0,1,1,None,0.506402598
0.16,0.06,0.78,None,0.486402598,None,1,1,1,None,0.486402598
0.16,0.08,0.76,None,0.470569265,None,1,1,1,None,0.470569265
0.16,0.1,0.74,None,0.470569265,None,1,1,1,None,0.470569265
0.16,0.12,0.72,None,0.485569265,None,1,1,1,None,0.485569265
0.16,0.14,0.7,None,0.485569265,None,1,1,1,None,0.485569265
0.16,0.16,0.68,None,0.480569265,None,1,1,1,None,0.480569265
0.16,0.18,0.66,None,0.460569265,None,1,1,1,None,0.460569265
0.16,0.2,0.64,None,0.470569265,None,1,1,1,None,0.470569265
0.16,0.22,0.62,None,0.460569265,None,1,1,1,None,0.460569265
0.16,0.24,0.6,None,0.470569265,None,1,1,1,None,0.470569265
0.16,0.26,0.58,None,0.470472877,None,1,1,1,None,0.470472877
0.16,0.28,0.56,None,0.480472877,None,1,1,1,None,0.480472877
0.16,0.3,0.54,None,0.470569265,None,1,1,1,None,0.470569265
0.16,0.32,0.52,None,0.440569265,None,1,1,1,None,0.440569265
0.16,0.34,0.5,None,0.435088496,None,1,1,1,None,0.435088496
0.16,0.36,0.48,None,0.442588496,None,1,1,1,None,0.442588496
0.16,0.38,0.46,None,0.437588496,None,1,1,1,None,0.437588496
0.16,0.4,0.44,None,0.442588496,None,1,1,1,None,0.442588496
0.16,0.42,0.42,None,0.482588496,None,1,1,1,None,0.482588496
0.16,0.44,0.4,None,0.5025,None,0,1,1,None,0.5025
0.16,0.46,0.38,None,0.5075,None,0,1,1,None,0.5075
0.16,0.48,0.36,None,0.5775,None,0,1,1,None,0.5775
0.16,0.5,0.34,None,0.5975,None,0,1,1,None,0.5975
0.16,0.52,0.32,None,0.5675,None,0,1,1,None,0.5675
0.16,0.54,0.3,None,0.56,None,0,1,1,None,0.56
0.16,0.56,0.28,None,0.545,None,0,1,1,None,0.545
0.16,0.58,0.26,None,0.560833333,None,0,1,1,None,0.560833333
0.16,0.6,0.24,None,0.570833333,None,0,1,1,None,0.570833333
0.16,0.62,0.22,None,0.556702899,None,0,1,1,None,0.556702899
0.16,0.64,0.2,None,0.546702899,None,0,1,1,None,0.546702899
0.16,0.66,0.18,None,0.560833333,None,0,1,1,None,0.560833333
0.16,0.68,0.16,None,0.535833333,None,0,1,1,None,0.535833333
0.16,0.7,0.14,None,0.516243162,None,0,1,1,None,0.516243162
0.16,0.72,0.12,None,0.521243162,None,0,1,1,None,0.521243162
0.16,0.74,0.1,None,0.560833333,None,0,1,1,None,0.560833333
0.16,0.76,0.08,None,0.595,None,0,1,1,None,0.595
0.16,0.78,0.06,None,0.58,None,0,1,1,None,0.58
0.16,0.8,0.04,None,0.57,None,0,1,1,None,0.57
0.16,0.82,0.02,None,0.53,None,0,1,1,None,0.53
0.14,0.02,0.84,None,0.595,None,0,1,1,None,0.595
0.14,0.04,0.82,None,0.550921829,None,0,1,1,None,0.550921829
0.14,0.06,0.8,None,0.521402598,None,0,1,1,None,0.521402598
0.14,0.08,0.78,None,0.491402598,None,1,1,1,None,0.491402598
0.14,0.1,0.76,None,0.480569265,None,1,1,1,None,0.480569265
0.14,0.12,0.74,None,0.465569265,None,1,1,1,None,0.465569265
0.14,0.14,0.72,None,0.470569265,None,1,1,1,None,0.470569265
0.14,0.16,0.7,None,0.490569265,None,1,1,1,None,0.490569265
0.14,0.18,0.68,None,0.480569265,None,1,1,1,None,0.480569265
0.14,0.2,0.66,None,0.470569265,None,1,1,1,None,0.470569265
0.14,0.22,0.64,None,0.460569265,None,1,1,1,None,0.460569265
0.14,0.24,0.62,None,0.485569265,None,1,1,1,None,0.485569265
0.14,0.26,0.6,None,0.475569265,None,1,1,1,None,0.475569265
0.14,0.28,0.58,None,0.475569265,None,1,1,1,None,0.475569265
0.14,0.3,0.56,None,0.460569265,None,1,1,1,None,0.460569265
0.14,0.32,0.54,None,0.455569265,None,1,1,1,None,0.455569265
0.14,0.34,0.52,None,0.430569265,None,1,1,1,None,0.430569265
0.14,0.36,0.5,None,0.430088496,None,1,1,1,None,0.430088496
0.14,0.38,0.48,None,0.442588496,None,1,1,1,None,0.442588496
0.14,0.4,0.46,None,0.467588496,None,1,1,1,None,0.467588496
0.14,0.42,0.44,None,0.452588496,None,1,1,1,None,0.452588496
0.14,0.44,0.42,None,0.4725,None,1,1,1,None,0.4725
0.14,0.46,0.4,None,0.4925,None,1,1,1,None,0.4925
0.14,0.48,0.38,None,0.4775,None,1,1,1,None,0.4775
0.14,0.5,0.36,None,0.4775,None,1,1,1,None,0.4775
0.14,0.52,0.34,None,0.5275,None,0,1,1,None,0.5275
0.14,0.54,0.32,None,0.5075,None,0,1,1,None,0.5075
0.14,0.56,0.3,None,0.49,None,1,1,1,None,0.49
0.14,0.58,0.28,None,0.49,None,1,1,1,None,0.49
0.14,0.6,0.26,None,0.510833333,None,0,1,1,None,0.510833333
0.14,0.62,0.24,None,0.515833333,None,0,1,1,None,0.515833333
0.14,0.64,0.22,None,0.495833333,None,1,1,1,None,0.495833333
0.14,0.66,0.2,None,0.510833333,None,0,1,1,None,0.510833333
0.14,0.68,0.18,None,0.525833333,None,0,1,1,None,0.525833333
0.14,0.7,0.16,None,0.475833333,None,1,1,1,None,0.475833333
0.14,0.72,0.14,None,0.476243162,None,1,1,1,None,0.476243162
0.14,0.74,0.12,None,0.491243162,None,1,1,1,None,0.491243162
0.14,0.76,0.1,None,0.530833333,None,0,1,1,None,0.530833333
0.14,0.78,0.08,None,0.56,None,0,1,1,None,0.56
0.14,0.8,0.06,None,0.539005709,None,0,1,1,None,0.539005709
0.14,0.82,0.04,None,0.534005709,None,0,1,1,None,0.534005709
0.14,0.84,0.02,None,0.499005709,None,1,1,1,None,0.499005709
0.12,0.02,0.86,None,0.555,None,0,1,1,None,0.555
0.12,0.04,0.84,None,0.580833333,None,0,1,1,None,0.580833333
0.12,0.06,0.82,None,0.490921829,None,1,1,1,None,0.490921829
0.12,0.08,0.8,None,0.500921829,None,0,1,1,None,0.500921829
0.12,0.1,0.78,None,0.491402598,None,1,1,1,None,0.491402598
0.12,0.12,0.76,None,0.466402598,None,1,1,1,None,0.466402598
0.12,0.14,0.74,None,0.460569265,None,1,1,1,None,0.460569265
0.12,0.16,0.72,None,0.470569265,None,1,1,1,None,0.470569265
0.12,0.18,0.7,None,0.480569265,None,1,1,1,None,0.480569265
0.12,0.2,0.68,None,0.450569265,None,1,1,1,None,0.450569265
0.12,0.22,0.66,None,0.455569265,None,1,1,1,None,0.455569265
0.12,0.24,0.64,None,0.455569265,None,1,1,1,None,0.455569265
0.12,0.26,0.62,None,0.465569265,None,1,1,1,None,0.465569265
0.12,0.28,0.6,None,0.455793145,None,1,1,1,None,0.455793145
0.12,0.3,0.58,None,0.455793145,None,1,1,1,None,0.455793145
0.12,0.32,0.56,None,0.455793145,None,1,1,1,None,0.455793145
0.12,0.34,0.54,None,0.455793145,None,1,1,1,None,0.455793145
0.12,0.36,0.52,None,0.445793145,None,1,1,1,None,0.445793145
0.12,0.38,0.5,None,0.445312376,None,1,1,1,None,0.445312376
0.12,0.4,0.48,None,0.427812376,None,1,1,1,None,0.427812376
0.12,0.42,0.46,None,0.442812376,None,1,1,1,None,0.442812376
0.12,0.44,0.44,None,0.442812376,None,1,1,1,None,0.442812376
0.12,0.46,0.42,None,0.452723881,None,1,1,1,None,0.452723881
0.12,0.48,0.4,None,0.447723881,None,1,1,1,None,0.447723881
0.12,0.5,0.38,None,0.442723881,None,1,1,1,None,0.442723881
0.12,0.52,0.36,None,0.437723881,None,1,1,1,None,0.437723881
0.12,0.54,0.34,None,0.502723881,None,0,1,1,None,0.502723881
0.12,0.56,0.32,None,0.487723881,None,1,1,1,None,0.487723881
0.12,0.58,0.3,None,0.480223881,None,1,1,1,None,0.480223881
0.12,0.6,0.28,None,0.485223881,None,1,1,1,None,0.485223881
0.12,0.62,0.26,None,0.486057214,None,1,1,1,None,0.486057214
0.12,0.64,0.24,None,0.486057214,None,1,1,1,None,0.486057214
0.12,0.66,0.22,None,0.476057214,None,1,1,1,None,0.476057214
0.12,0.68,0.2,None,0.481057214,None,1,1,1,None,0.481057214
0.12,0.7,0.18,None,0.475833333,None,1,1,1,None,0.475833333
0.12,0.72,0.16,None,0.440833333,None,1,1,1,None,0.440833333
0.12,0.74,0.14,None,0.460833333,None,1,1,1,None,0.460833333
0.12,0.76,0.12,None,0.465833333,None,1,1,1,None,0.465833333
0.12,0.78,0.1,None,0.480833333,None,1,1,1,None,0.480833333
0.12,0.8,0.08,None,0.495,None,1,1,1,None,0.495
0.12,0.82,0.06,None,0.495,None,1,1,1,None,0.495
0.12,0.84,0.04,None,0.475,None,1,1,1,None,0.475
0.12,0.86,0.02,None,0.45,None,1,1,1,None,0.45
0.1,0.02,0.88,None,0.51,None,0,1,1,None,0.51
0.1,0.04,0.86,None,0.52,None,0,1,1,None,0.52
0.1,0.06,0.84,None,0.520921829,None,0,1,1,None,0.520921829
0.1,0.08,0.82,None,0.450921829,None,1,1,1,None,0.450921829
0.1,0.1,0.8,None,0.460921829,None,1,1,1,None,0.460921829
0.1,0.12,0.78,None,0.471402598,None,1,1,1,None,0.471402598
0.1,0.14,0.76,None,0.451402598,None,1,1,1,None,0.451402598
0.1,0.16,0.74,None,0.440569265,None,1,1,1,None,0.440569265
0.1,0.18,0.72,None,0.445569265,None,1,1,1,None,0.445569265
0.1,0.2,0.7,None,0.445569265,None,1,1,1,None,0.445569265
0.1,0.22,0.68,None,0.425569265,None,1,1,1,None,0.425569265
0.1,0.24,0.66,None,0.435793145,None,1,1,1,None,0.435793145
0.1,0.26,0.64,None,0.440793145,None,1,1,1,None,0.440793145
0.1,0.28,0.62,None,0.450793145,None,1,1,1,None,0.450793145
0.1,0.3,0.6,None,0.435793145,None,1,1,1,None,0.435793145
0.1,0.32,0.58,None,0.430793145,None,1,1,1,None,0.430793145
0.1,0.34,0.56,None,0.425793145,None,1,1,1,None,0.425793145
0.1,0.36,0.54,None,0.440793145,None,1,1,1,None,0.440793145
0.1,0.38,0.52,None,0.430793145,None,1,1,1,None,0.430793145
0.1,0.4,0.5,None,0.405312376,None,1,1,1,None,0.405312376
0.1,0.42,0.48,None,0.387812376,None,1,1,1,None,0.387812376
0.1,0.44,0.46,None,0.417812376,None,1,1,1,None,0.417812376
0.1,0.46,0.44,None,0.407723881,None,1,1,1,None,0.407723881
0.1,0.48,0.42,None,0.387723881,None,1,1,1,None,0.387723881
0.1,0.5,0.4,None,0.417723881,None,1,1,1,None,0.417723881
0.1,0.52,0.38,None,0.442723881,None,1,1,1,None,0.442723881
0.1,0.54,0.36,None,0.447723881,None,1,1,1,None,0.447723881
0.1,0.56,0.34,None,0.472723881,None,1,1,1,None,0.472723881
0.1,0.58,0.32,None,0.472723881,None,1,1,1,None,0.472723881
0.1,0.6,0.3,None,0.470223881,None,1,1,1,None,0.470223881
0.1,0.62,0.28,None,0.495223881,None,1,1,1,None,0.495223881
0.1,0.64,0.26,None,0.481057214,None,1,1,1,None,0.481057214
0.1,0.66,0.24,None,0.476057214,None,1,1,1,None,0.476057214
0.1,0.68,0.22,None,0.451057214,None,1,1,1,None,0.451057214
0.1,0.7,0.2,None,0.441057214,None,1,1,1,None,0.441057214
0.1,0.72,0.18,None,0.465833333,None,1,1,1,None,0.465833333
0.1,0.74,0.16,None,0.425833333,None,1,1,1,None,0.425833333
0.1,0.76,0.14,None,0.445833333,None,1,1,1,None,0.445833333
0.1,0.78,0.12,None,0.435833333,None,1,1,1,None,0.435833333
0.1,0.8,0.1,None,0.46,None,1,1,1,None,0.46
0.1,0.82,0.08,None,0.465,None,1,1,1,None,0.465
0.1,0.84,0.06,None,0.435,None,1,1,1,None,0.435
0.1,0.86,0.04,None,0.41,None,1,1,1,None,0.41
0.1,0.88,0.02,None,0.39,None,1,1,1,None,0.39
0.08,0.02,0.9,None,0.475,None,1,1,1,None,0.475
0.08,0.04,0.88,None,0.51,None,0,1,1,None,0.51
0.08,0.06,0.86,None,0.52,None,0,1,1,None,0.52
0.08,0.08,0.84,None,0.490921829,None,1,1,1,None,0.490921829
0.08,0.1,0.82,None,0.445921829,None,1,1,1,None,0.445921829
0.08,0.12,0.8,None,0.445921829,None,1,1,1,None,0.445921829
0.08,0.14,0.78,None,0.461402598,None,1,1,1,None,0.461402598
0.08,0.16,0.76,None,0.451402598,None,1,1,1,None,0.451402598
0.08,0.18,0.74,None,0.460569265,None,1,1,1,None,0.460569265
0.08,0.2,0.72,None,0.460569265,None,1,1,1,None,0.460569265
0.08,0.22,0.7,None,0.440569265,None,1,1,1,None,0.440569265
0.08,0.24,0.68,None,0.430569265,None,1,1,1,None,0.430569265
0.08,0.26,0.66,None,0.450569265,None,1,1,1,None,0.450569265
0.08,0.28,0.64,None,0.455569265,None,1,1,1,None,0.455569265
0.08,0.3,0.62,None,0.445569265,None,1,1,1,None,0.445569265
0.08,0.32,0.6,None,0.445569265,None,1,1,1,None,0.445569265
0.08,0.34,0.58,None,0.430569265,None,1,1,1,None,0.430569265
0.08,0.36,0.56,None,0.415569265,None,1,1,1,None,0.415569265
0.08,0.38,0.54,None,0.395569265,None,1,1,1,None,0.395569265
0.08,0.4,0.52,None,0.375088496,None,1,1,1,None,0.375088496
0.08,0.42,0.5,None,0.367588496,None,1,1,1,None,0.367588496
0.08,0.44,0.48,None,0.372588496,None,1,1,1,None,0.372588496
0.08,0.46,0.46,None,0.392588496,None,1,1,1,None,0.392588496
0.08,0.48,0.44,None,0.3875,None,1,1,1,None,0.3875
0.08,0.5,0.42,None,0.4025,None,1,1,1,None,0.4025
0.08,0.52,0.4,None,0.4025,None,1,1,1,None,0.4025
0.08,0.54,0.38,None,0.4175,None,1,1,1,None,0.4175
0.08,0.56,0.36,None,0.4225,None,1,1,1,None,0.4225
0.08,0.58,0.34,None,0.4225,None,1,1,1,None,0.4225
0.08,0.6,0.32,None,0.4375,None,1,1,1,None,0.4375
0.08,0.62,0.3,None,0.4525,None,1,1,1,None,0.4525
0.08,0.64,0.28,None,0.465,None,1,1,1,None,0.465
0.08,0.66,0.26,None,0.460833333,None,1,1,1,None,0.460833333
0.08,0.68,0.24,None,0.430833333,None,1,1,1,None,0.430833333
0.08,0.7,0.22,None,0.420833333,None,1,1,1,None,0.420833333
0.08,0.72,0.2,None,0.420833333,None,1,1,1,None,0.420833333
0.08,0.74,0.18,None,0.430833333,None,1,1,1,None,0.430833333
0.08,0.76,0.16,None,0.400833333,None,1,1,1,None,0.400833333
0.08,0.78,0.14,None,0.410833333,None,1,1,1,None,0.410833333
0.08,0.8,0.12,None,0.415833333,None,1,1,1,None,0.415833333
0.08,0.82,0.1,None,0.435,None,1,1,1,None,0.435
0.08,0.84,0.08,None,0.415,None,1,1,1,None,0.415
0.08,0.86,0.06,None,0.4025,None,1,1,1,None,0.4025
0.08,0.88,0.04,None,0.3875,None,1,1,1,None,0.3875
0.08,0.9,0.02,None,0.3775,None,1,1,1,None,0.3775
0.06,0.02,0.92,None,0.455,None,1,1,1,None,0.455
0.06,0.04,0.9,None,0.46,None,1,1,1,None,0.46
0.06,0.06,0.88,None,0.495,None,1,1,1,None,0.495
0.06,0.08,0.86,None,0.490833333,None,1,1,1,None,0.490833333
0.06,0.1,0.84,None,0.460921829,None,1,1,1,None,0.460921829
0.06,0.12,0.82,None,0.435921829,None,1,1,1,None,0.435921829
0.06,0.14,0.8,None,0.435921829,None,1,1,1,None,0.435921829
0.06,0.16,0.78,None,0.465921829,None,1,1,1,None,0.465921829
0.06,0.18,0.76,None,0.450921829,None,1,1,1,None,0.450921829
0.06,0.2,0.74,None,0.455921829,None,1,1,1,None,0.455921829
0.06,0.22,0.72,None,0.430088496,None,1,1,1,None,0.430088496
0.06,0.24,0.7,None,0.415088496,None,1,1,1,None,0.415088496
0.06,0.26,0.68,None,0.420088496,None,1,1,1,None,0.420088496
0.06,0.28,0.66,None,0.425088496,None,1,1,1,None,0.425088496
0.06,0.3,0.64,None,0.425088496,None,1,1,1,None,0.425088496
0.06,0.32,0.62,None,0.416475107,None,1,1,1,None,0.416475107
0.06,0.34,0.6,None,0.411475107,None,1,1,1,None,0.411475107
0.06,0.36,0.58,None,0.405569265,None,1,1,1,None,0.405569265
0.06,0.38,0.56,None,0.390569265,None,1,1,1,None,0.390569265
0.06,0.4,0.54,None,0.390569265,None,1,1,1,None,0.390569265
0.06,0.42,0.52,None,0.375088496,None,1,1,1,None,0.375088496
0.06,0.44,0.5,None,0.377588496,None,1,1,1,None,0.377588496
0.06,0.46,0.48,None,0.372588496,None,1,1,1,None,0.372588496
0.06,0.48,0.46,None,0.3575,None,1,1,1,None,0.3575
0.06,0.5,0.44,None,0.3725,None,1,1,1,None,0.3725
0.06,0.52,0.42,None,0.3625,None,1,1,1,None,0.3625
0.06,0.54,0.4,None,0.3675,None,1,1,1,None,0.3675
0.06,0.56,0.38,None,0.3875,None,1,1,1,None,0.3875
0.06,0.58,0.36,None,0.3925,None,1,1,1,None,0.3925
0.06,0.6,0.34,None,0.3875,None,1,1,1,None,0.3875
0.06,0.62,0.32,None,0.4325,None,1,1,1,None,0.4325
0.06,0.64,0.3,None,0.4225,None,1,1,1,None,0.4225
0.06,0.66,0.28,None,0.430833333,None,1,1,1,None,0.430833333
0.06,0.68,0.26,None,0.425833333,None,1,1,1,None,0.425833333
0.06,0.7,0.24,None,0.395833333,None,1,1,1,None,0.395833333
0.06,0.72,0.22,None,0.390833333,None,1,1,1,None,0.390833333
0.06,0.74,0.2,None,0.370833333,None,1,1,1,None,0.370833333
0.06,0.76,0.18,None,0.365833333,None,1,1,1,None,0.365833333
0.06,0.78,0.16,None,0.350833333,None,1,1,1,None,0.350833333
0.06,0.8,0.14,None,0.380833333,None,1,1,1,None,0.380833333
0.06,0.82,0.12,None,0.380833333,None,1,1,1,None,0.380833333
0.06,0.84,0.1,None,0.385,None,1,1,1,None,0.385
0.06,0.86,0.08,None,0.375,None,1,1,1,None,0.375
0.06,0.88,0.06,None,0.3575,None,1,1,1,None,0.3575
0.06,0.9,0.04,None,0.3325,None,1,1,1,None,0.3325
0.06,0.92,0.02,None,0.3225,None,1,1,1,None,0.3225
0.04,0.02,0.94,None,0.445,None,1,1,1,None,0.445
0.04,0.04,0.92,None,0.455,None,1,1,1,None,0.455
0.04,0.06,0.9,None,0.465,None,1,1,1,None,0.465
0.04,0.08,0.88,None,0.49,None,1,1,1,None,0.49
0.04,0.1,0.86,None,0.500921829,None,0,1,1,None,0.500921829
0.04,0.12,0.84,None,0.445921829,None,1,1,1,None,0.445921829
0.04,0.14,0.82,None,0.425921829,None,1,1,1,None,0.425921829
0.04,0.16,0.8,None,0.430921829,None,1,1,1,None,0.430921829
0.04,0.18,0.78,None,0.440921829,None,1,1,1,None,0.440921829
0.04,0.2,0.76,None,0.420921829,None,1,1,1,None,0.420921829
0.04,0.22,0.74,None,0.405921829,None,1,1,1,None,0.405921829
0.04,0.24,0.72,None,0.395088496,None,1,1,1,None,0.395088496
0.04,0.26,0.7,None,0.380088496,None,1,1,1,None,0.380088496
0.04,0.28,0.68,None,0.400088496,None,1,1,1,None,0.400088496
0.04,0.3,0.66,None,0.390088496,None,1,1,1,None,0.390088496
0.04,0.32,0.64,None,0.405088496,None,1,1,1,None,0.405088496
0.04,0.34,0.62,None,0.395994337,None,1,1,1,None,0.395994337
0.04,0.36,0.6,None,0.395994337,None,1,1,1,None,0.395994337
0.04,0.38,0.58,None,0.385994337,None,1,1,1,None,0.385994337
0.04,0.4,0.56,None,0.360994337,None,1,1,1,None,0.360994337
0.04,0.42,0.54,None,0.355994337,None,1,1,1,None,0.355994337
0.04,0.44,0.52,None,0.355994337,None,1,1,1,None,0.355994337
0.04,0.46,0.5,None,0.343494337,None,1,1,1,None,0.343494337
0.04,0.48,0.48,None,0.308494337,None,1,1,1,None,0.308494337
0.04,0.5,0.46,None,0.3425,None,1,1,1,None,0.3425
0.04,0.52,0.44,None,0.3425,None,1,1,1,None,0.3425
0.04,0.54,0.42,None,0.3575,None,1,1,1,None,0.3575
0.04,0.56,0.4,None,0.3475,None,1,1,1,None,0.3475
0.04,0.58,0.38,None,0.3575,None,1,1,1,None,0.3575
0.04,0.6,0.36,None,0.3625,None,1,1,1,None,0.3625
0.04,0.62,0.34,None,0.3475,None,1,1,1,None,0.3475
0.04,0.64,0.32,None,0.3875,None,1,1,1,None,0.3875
0.04,0.66,0.3,None,0.3675,None,1,1,1,None,0.3675
0.04,0.68,0.28,None,0.380833333,None,1,1,1,None,0.380833333
0.04,0.7,0.26,None,0.355833333,None,1,1,1,None,0.355833333
0.04,0.72,0.24,None,0.335833333,None,1,1,1,None,0.335833333
0.04,0.74,0.22,None,0.330833333,None,1,1,1,None,0.330833333
0.04,0.76,0.2,None,0.310833333,None,1,1,1,None,0.310833333
0.04,0.78,0.18,None,0.315833333,None,1,1,1,None,0.315833333
0.04,0.8,0.16,None,0.315833333,None,1,1,1,None,0.315833333
0.04,0.82,0.14,None,0.335833333,None,1,1,1,None,0.335833333
0.04,0.84,0.12,None,0.355833333,None,1,1,1,None,0.355833333
0.04,0.86,0.1,None,0.35,None,1,1,1,None,0.35
0.04,0.88,0.08,None,0.33,None,1,1,1,None,0.33
0.04,0.9,0.06,None,0.32,None,1,1,1,None,0.32
0.04,0.92,0.04,None,0.3025,None,1,1,1,None,0.3025
0.04,0.94,0.02,None,0.2875,None,1,1,1,None,0.2875
0.02,0.02,0.96,None,0.445,None,1,1,1,None,0.445
0.02,0.04,0.94,None,0.46,None,1,1,1,None,0.46
0.02,0.06,0.92,None,0.455,None,1,1,1,None,0.455
0.02,0.08,0.9,None,0.46,None,1,1,1,None,0.46
0.02,0.1,0.88,None,0.48,None,1,1,1,None,0.48
0.02,0.12,0.86,None,0.455921829,None,1,1,1,None,0.455921829
0.02,0.14,0.84,None,0.400921829,None,1,1,1,None,0.400921829
0.02,0.16,0.82,None,0.390921829,None,1,1,1,None,0.390921829
0.02,0.18,0.8,None,0.410921829,None,1,1,1,None,0.410921829
0.02,0.2,0.78,None,0.390921829,None,1,1,1,None,0.390921829
0.02,0.22,0.76,None,0.385921829,None,1,1,1,None,0.385921829
0.02,0.24,0.74,None,0.380921829,None,1,1,1,None,0.380921829
0.02,0.26,0.72,None,0.385921829,None,1,1,1,None,0.385921829
0.02,0.28,0.7,None,0.365088496,None,1,1,1,None,0.365088496
0.02,0.3,0.68,None,0.380088496,None,1,1,1,None,0.380088496
0.02,0.32,0.66,None,0.395088496,None,1,1,1,None,0.395088496
0.02,0.34,0.64,None,0.380088496,None,1,1,1,None,0.380088496
0.02,0.36,0.62,None,0.390994337,None,1,1,1,None,0.390994337
0.02,0.38,0.6,None,0.385994337,None,1,1,1,None,0.385994337
0.02,0.4,0.58,None,0.365994337,None,1,1,1,None,0.365994337
0.02,0.42,0.56,None,0.355994337,None,1,1,1,None,0.355994337
0.02,0.44,0.54,None,0.345994337,None,1,1,1,None,0.345994337
0.02,0.46,0.52,None,0.323494337,None,1,1,1,None,0.323494337
0.02,0.48,0.5,None,0.313494337,None,1,1,1,None,0.313494337
0.02,0.5,0.48,None,0.3125,None,1,1,1,None,0.3125
0.02,0.52,0.46,None,0.3275,None,1,1,1,None,0.3275
0.02,0.54,0.44,None,0.3375,None,1,1,1,None,0.3375
0.02,0.56,0.42,None,0.3425,None,1,1,1,None,0.3425
0.02,0.58,0.4,None,0.3375,None,1,1,1,None,0.3375
0.02,0.6,0.38,None,0.3525,None,1,1,1,None,0.3525
0.02,0.62,0.36,None,0.3475,None,1,1,1,None,0.3475
0.02,0.64,0.34,None,0.3425,None,1,1,1,None,0.3425
0.02,0.66,0.32,None,0.3525,None,1,1,1,None,0.3525
0.02,0.68,0.3,None,0.3575,None,1,1,1,None,0.3575
0.02,0.7,0.28,None,0.335833333,None,1,1,1,None,0.335833333
0.02,0.72,0.26,None,0.335833333,None,1,1,1,None,0.335833333
0.02,0.74,0.24,None,0.315833333,None,1,1,1,None,0.315833333
0.02,0.76,0.22,None,0.315833333,None,1,1,1,None,0.315833333
0.02,0.78,0.2,None,0.310833333,None,1,1,1,None,0.310833333
0.02,0.8,0.18,None,0.310833333,None,1,1,1,None,0.310833333
0.02,0.82,0.16,None,0.305833333,None,1,1,1,None,0.305833333
0.02,0.84,0.14,None,0.335833333,None,1,1,1,None,0.335833333
0.02,0.86,0.12,None,0.330833333,None,1,1,1,None,0.330833333
0.02,0.88,0.1,None,0.33,None,1,1,1,None,0.33
0.02,0.9,0.08,None,0.33,None,1,1,1,None,0.33
0.02,0.92,0.06,None,0.315,None,1,1,1,None,0.315
0.02,0.94,0.04,None,0.2925,None,1,1,1,None,0.2925
0.02,0.96,0.02,None,0.285,None,1,1,1,None,0.285
