X_Co,X_V,X_Zr,composition,probability,measured
0.98,0.02,0,V0.02Co0.98,0.315,
0.98,0,0.02,Zr0.02Co0.98,0.71,
0,0.98,0.02,Zr0.02V0.98,0.35,
0.96,0.04,0,V0.04Co0.96,0.38,
0.96,0,0.04,Zr0.04Co0.96,0.79,
0,0.96,0.04,Zr0.04V0.96,0.365,
0.94,0.06,0,V0.06Co0.94,0.395,
0.94,0,0.06,Zr0.06Co0.94,0.91,
0,0.94,0.06,Zr0.06V0.94,0.38,
0.92,0.08,0,V0.08Co0.92,0.43,
0.92,0,0.08,Zr0.08Co0.92,0.98,
0,0.92,0.08,Zr0.08V0.92,0.455,
0.9,0.1,0,V0.1Co0.9,0.44,
0.9,0,0.1,Zr0.1Co0.9,0.99,
0,0.9,0.1,Zr0.1V0.9,0.5,
0.88,0.12,0,V0.12Co0.88,0.445,
0.88,0,0.12,Zr0.12Co0.88,0.98,
0,0.88,0.12,Zr0.12V0.88,0.565,
0.86,0.14,0,V0.14Co0.86,0.44,
0.86,0,0.14,Zr0.14Co0.86,0.995,
0,0.86,0.14,Zr0.14V0.86,0.6,
0.84,0.16,0,V0.16Co0.84,0.43,
0.84,0,0.16,Zr0.16Co0.84,1,
0,0.84,0.16,Zr0.16V0.84,0.645,
0.82,0.18,0,V0.18Co0.82,0.43,
0.82,0,0.18,Zr0.18Co0.82,0.99,
0,0.82,0.18,Zr0.18V0.82,0.635,
0.8,0.2,0,V0.2Co0.8,0.435,
0.8,0,0.2,Zr0.2Co0.8,0.99,
0,0.8,0.2,Zr0.2V0.8,0.64,
0.78,0.22,0,V0.22Co0.78,0.445,
0.78,0,0.22,Zr0.22Co0.78,0.985,
0,0.78,0.22,Zr0.22V0.78,0.665,
0.76,0.24,0,V0.24Co0.76,0.45,
0.76,0,0.24,Zr0.24Co0.76,0.995,
0,0.76,0.24,Zr0.24V0.76,0.655,
0.74,0.26,0,V0.26Co0.74,0.47,
0.74,0,0.26,Zr0.26Co0.74,0.985,
0,0.74,0.26,Zr0.26V0.74,0.66,
0.72,0.28,0,V0.28Co0.72,0.475,
0.72,0,0.28,Zr0.28Co0.72,0.995,
0,0.72,0.28,Zr0.28V0.72,0.69,
0.7,0.3,0,V0.3Co0.7,0.485,
0.7,0,0.3,Zr0.3Co0.7,1,
0,0.7,0.3,Zr0.3V0.7,0.69,
0.68,0.32,0,V0.32Co0.68,0.495,
0.68,0,0.32,Zr0.32Co0.68,0.995,
0,0.68,0.32,Zr0.32V0.68,0.695,
0.66,0.34,0,V0.34Co0.66,0.505,
0.66,0,0.34,Zr0.34Co0.66,0.995,
0,0.66,0.34,Zr0.34V0.66,0.695,
0.64,0.36,0,V0.36Co0.64,0.505,
0.64,0,0.36,Zr0.36Co0.64,1,
0,0.64,0.36,Zr0.36V0.64,0.69,
0.62,0.38,0,V0.38Co0.62,0.51,
0.62,0,0.38,Zr0.38Co0.62,1,
0,0.62,0.38,Zr0.38V0.62,0.685,
0.6,0.4,0,V0.4Co0.6,0.52,
0.6,0,0.4,Zr0.4Co0.6,1,
0,0.6,0.4,Zr0.4V0.6,0.685,
0.58,0.42,0,V0.42Co0.58,0.515,
0.58,0,0.42,Zr0.42Co0.58,1,
0,0.58,0.42,Zr0.42V0.58,0.695,
0.56,0.44,0,V0.44Co0.56,0.505,
0.56,0,0.44,Zr0.44Co0.56,1,
0,0.56,0.44,Zr0.44V0.56,0.705,
0.54,0.46,0,V0.46Co0.54,0.495,
0.54,0,0.46,Zr0.46Co0.54,1,
0,0.54,0.46,Zr0.46V0.54,0.7,
0.52,0.48,0,V0.48Co0.52,0.495,
0.52,0,0.48,Zr0.48Co0.52,1,
0,0.52,0.48,Zr0.48V0.52,0.7,
0.5,0.5,0,V0.5Co0.5,0.5,
0.5,0,0.5,Zr0.5Co0.5,0.995,
0,0.5,0.5,Zr0.5V0.5,0.77,
0.48,0.52,0,V0.52Co0.48,0.545,
0.48,0,0.52,Zr0.52Co0.48,1,
0,0.48,0.52,Zr0.52V0.48,0.78,
0.46,0.54,0,V0.54Co0.46,0.57,
0.46,0,0.54,Zr0.54Co0.46,1,
0,0.46,0.54,Zr0.54V0.46,0.78,
0.44,0.56,0,V0.56Co0.44,0.58,
0.44,0,0.56,Zr0.56Co0.44,1,
0,0.44,0.56,Zr0.56V0.44,0.785,
0.42,0.58,0,V0.58Co0.42,0.585,
0.42,0,0.58,Zr0.58Co0.42,1,
0,0.42,0.58,Zr0.58V0.42,0.785,
0.4,0.6,0,V0.6Co0.4,0.59,
0.4,0,0.6,Zr0.6Co0.4,1,
0,0.4,0.6,Zr0.6V0.4,0.78,
0.38,0.62,0,V0.62Co0.38,0.585,
0.38,0,0.62,Zr0.62Co0.38,1,
0,0.38,0.62,Zr0.62V0.38,0.79,
0.36,0.64,0,V0.64Co0.36,0.58,
0.36,0,0.64,Zr0.64Co0.36,1,
0,0.36,0.64,Zr0.64V0.36,0.785,
0.34,0.66,0,V0.66Co0.34,0.59,
0.34,0,0.66,Zr0.66Co0.34,1,
0,0.34,0.66,Zr0.66V0.34,0.8,
0.32,0.68,0,V0.68Co0.32,0.575,
0.32,0,0.68,Zr0.68Co0.32,1,
0,0.32,0.68,Zr0.68V0.32,0.79,
0.3,0.7,0,V0.7Co0.3,0.545,
0.3,0,0.7,Zr0.7Co0.3,1,
0,0.3,0.7,Zr0.7V0.3,0.81,
0.28,0.72,0,V0.72Co0.28,0.535,
0.28,0,0.72,Zr0.72Co0.28,0.99,
0,0.28,0.72,Zr0.72V0.28,0.8,
0.26,0.74,0,V0.74Co0.26,0.525,
0.26,0,0.74,Zr0.74Co0.26,0.965,
0,0.26,0.74,Zr0.74V0.26,0.76,
0.24,0.76,0,V0.76Co0.24,0.505,
0.24,0,0.76,Zr0.76Co0.24,0.97,
0,0.24,0.76,Zr0.76V0.24,0.75,
0.22,0.78,0,V0.78Co0.22,0.49,
0.22,0,0.78,Zr0.78Co0.22,0.975,
0,0.22,0.78,Zr0.78V0.22,0.745,
0.2,0.8,0,V0.8Co0.2,0.44,
0.2,0,0.8,Zr0.8Co0.2,0.985,
0,0.2,0.8,Zr0.8V0.2,0.735,
0.18,0.82,0,V0.82Co0.18,0.44,
0.18,0,0.82,Zr0.82Co0.18,0.965,
0,0.18,0.82,Zr0.82V0.18,0.745,
0.16,0.84,0,V0.84Co0.16,0.405,
0.16,0,0.84,Zr0.84Co0.16,0.96,
0,0.16,0.84,Zr0.84V0.16,0.755,
0.14,0.86,0,V0.86Co0.14,0.395,
0.14,0,0.86,Zr0.86Co0.14,0.905,
0,0.14,0.86,Zr0.86V0.14,0.725,
0.12,0.88,0,V0.88Co0.12,0.385,
0.12,0,0.88,Zr0.88Co0.12,0.855,
0,0.12,0.88,Zr0.88V0.12,0.665,
0.1,0.9,0,V0.9Co0.1,0.38,
0.1,0,0.9,Zr0.9Co0.1,0.815,
0,0.1,0.9,Zr0.9V0.1,0.6,
0.08,0.92,0,V0.92Co0.08,0.375,
0.08,0,0.92,Zr0.92Co0.08,0.785,
0,0.08,0.92,Zr0.92V0.08,0.525,
0.06,0.94,0,V0.94Co0.06,0.38,
0.06,0,0.94,Zr0.94Co0.06,0.715,
0,0.06,0.94,Zr0.94V0.06,0.46,
0.04,0.96,0,V0.96Co0.04,0.36,
0.04,0,0.96,Zr0.96Co0.04,0.65,
0,0.04,0.96,Zr0.96V0.04,0.44,
0.02,0.98,0,V0.98Co0.02,0.31,
0.02,0,0.98,Zr0.98Co0.02,0.545,
0,0.02,0.98,Zr0.98V0.02,0.43,
0.96,0.02,0.02,Zr0.02V0.02Co0.96,0.775,
0.94,0.04,0.02,Zr0.02V0.04Co0.94,0.815,
0.94,0.02,0.04,Zr0.04V0.02Co0.94,0.87,
0.92,0.06,0.02,Zr0.02V0.06Co0.92,0.86,
0.92,0.04,0.04,Zr0.04V0.04Co0.92,0.915,
0.92,0.02,0.06,Zr0.06V0.02Co0.92,0.97,
0.9,0.08,0.02,Zr0.02V0.08Co0.9,0.875,
0.9,0.06,0.04,Zr0.04V0.06Co0.9,0.96,
0.9,0.04,0.06,Zr0.06V0.04Co0.9,0.99,
0.9,0.02,0.08,Zr0.08V0.02Co0.9,1,
0.88,0.1,0.02,Zr0.02V0.1Co0.88,0.91,
0.88,0.08,0.04,Zr0.04V0.08Co0.88,0.98,
0.88,0.06,0.06,Zr0.06V0.06Co0.88,0.995,
0.88,0.04,0.08,Zr0.08V0.04Co0.88,0.995,
0.88,0.02,0.1,Zr0.1V0.02Co0.88,0.99,
0.86,0.12,0.02,Zr0.02V0.12Co0.86,0.93,
0.86,0.1,0.04,Zr0.04V0.1Co0.86,0.995,
0.86,0.08,0.06,Zr0.06V0.08Co0.86,1,
0.86,0.06,0.08,Zr0.08V0.06Co0.86,1,
0.86,0.04,0.1,Zr0.1V0.04Co0.86,1,
0.86,0.02,0.12,Zr0.12V0.02Co0.86,1,
0.84,0.14,0.02,Zr0.02V0.14Co0.84,0.95,
0.84,0.12,0.04,Zr0.04V0.12Co0.84,0.995,
0.84,0.1,0.06,Zr0.06V0.1Co0.84,1,
0.84,0.08,0.08,Zr0.08V0.08Co0.84,1,
0.84,0.06,0.1,Zr0.1V0.06Co0.84,1,
0.84,0.04,0.12,Zr0.12V0.04Co0.84,1,
0.84,0.02,0.14,Zr0.14V0.02Co0.84,1,
0.82,0.16,0.02,Zr0.02V0.16Co0.82,0.96,
0.82,0.14,0.04,Zr0.04V0.14Co0.82,1,
0.82,0.12,0.06,Zr0.06V0.12Co0.82,1,
0.82,0.1,0.08,Zr0.08V0.1Co0.82,1,
0.82,0.08,0.1,Zr0.1V0.08Co0.82,1,
0.82,0.06,0.12,Zr0.12V0.06Co0.82,1,
0.82,0.04,0.14,Zr0.14V0.04Co0.82,1,
0.82,0.02,0.16,Zr0.16V0.02Co0.82,1,
0.8,0.18,0.02,Zr0.02V0.18Co0.8,0.955,
0.8,0.16,0.04,Zr0.04V0.16Co0.8,0.99,
0.8,0.14,0.06,Zr0.06V0.14Co0.8,0.995,
0.8,0.12,0.08,Zr0.08V0.12Co0.8,1,
0.8,0.1,0.1,Zr0.1V0.1Co0.8,1,
0.8,0.08,0.12,Zr0.12V0.08Co0.8,1,
0.8,0.06,0.14,Zr0.14V0.06Co0.8,1,
0.8,0.04,0.16,Zr0.16V0.04Co0.8,1,
0.8,0.02,0.18,Zr0.18V0.02Co0.8,1,
0.78,0.2,0.02,Zr0.02V0.2Co0.78,0.955,
0.78,0.18,0.04,Zr0.04V0.18Co0.78,0.985,
0.78,0.16,0.06,Zr0.06V0.16Co0.78,1,
0.78,0.14,0.08,Zr0.08V0.14Co0.78,1,
0.78,0.12,0.1,Zr0.1V0.12Co0.78,1,
0.78,0.1,0.12,Zr0.12V0.1Co0.78,1,
0.78,0.08,0.14,Zr0.14V0.08Co0.78,1,
0.78,0.06,0.16,Zr0.16V0.06Co0.78,1,
0.78,0.04,0.18,Zr0.18V0.04Co0.78,1,
0.78,0.02,0.2,Zr0.2V0.02Co0.78,0.995,
0.76,0.22,0.02,Zr0.02V0.22Co0.76,0.96,
0.76,0.2,0.04,Zr0.04V0.2Co0.76,0.985,
0.76,0.18,0.06,Zr0.06V0.18Co0.76,1,
0.76,0.16,0.08,Zr0.08V0.16Co0.76,1,
0.76,0.14,0.1,Zr0.1V0.14Co0.76,1,
0.76,0.12,0.12,Zr0.12V0.12Co0.76,1,
0.76,0.1,0.14,Zr0.14V0.1Co0.76,1,
0.76,0.08,0.16,Zr0.16V0.08Co0.76,1,
0.76,0.06,0.18,Zr0.18V0.06Co0.76,0.995,
0.76,0.04,0.2,Zr0.2V0.04Co0.76,1,
0.76,0.02,0.22,Zr0.22V0.02Co0.76,0.995,
0.74,0.24,0.02,Zr0.02V0.24Co0.74,0.96,
0.74,0.22,0.04,Zr0.04V0.22Co0.74,0.985,
0.74,0.2,0.06,Zr0.06V0.2Co0.74,1,
0.74,0.18,0.08,Zr0.08V0.18Co0.74,1,
0.74,0.16,0.1,Zr0.1V0.16Co0.74,1,
0.74,0.14,0.12,Zr0.12V0.14Co0.74,1,
0.74,0.12,0.14,Zr0.14V0.12Co0.74,1,
0.74,0.1,0.16,Zr0.16V0.1Co0.74,1,
0.74,0.08,0.18,Zr0.18V0.08Co0.74,1,
0.74,0.06,0.2,Zr0.2V0.06Co0.74,1,
0.74,0.04,0.22,Zr0.22V0.04Co0.74,1,
0.74,0.02,0.24,Zr0.24V0.02Co0.74,0.995,
0.72,0.26,0.02,Zr0.02V0.26Co0.72,0.96,
0.72,0.24,0.04,Zr0.04V0.24Co0.72,0.98,
0.72,0.22,0.06,Zr0.06V0.22Co0.72,1,
0.72,0.2,0.08,Zr0.08V0.2Co0.72,1,
0.72,0.18,0.1,Zr0.1V0.18Co0.72,1,
0.72,0.16,0.12,Zr0.12V0.16Co0.72,1,
0.72,0.14,0.14,Zr0.14V0.14Co0.72,1,
0.72,0.12,0.16,Zr0.16V0.12Co0.72,1,
0.72,0.1,0.18,Zr0.18V0.1Co0.72,1,
0.72,0.08,0.2,Zr0.2V0.08Co0.72,1,
0.72,0.06,0.22,Zr0.22V0.06Co0.72,1,
0.72,0.04,0.24,Zr0.24V0.04Co0.72,0.995,
0.72,0.02,0.26,Zr0.26V0.02Co0.72,0.99,
0.7,0.28,0.02,Zr0.02V0.28Co0.7,0.965,
0.7,0.26,0.04,Zr0.04V0.26Co0.7,0.97,
0.7,0.24,0.06,Zr0.06V0.24Co0.7,0.995,
0.7,0.22,0.08,Zr0.08V0.22Co0.7,1,
0.7,0.2,0.1,Zr0.1V0.2Co0.7,1,
0.7,0.18,0.12,Zr0.12V0.18Co0.7,1,
0.7,0.16,0.14,Zr0.14V0.16Co0.7,1,
0.7,0.14,0.16,Zr0.16V0.14Co0.7,1,
0.7,0.12,0.18,Zr0.18V0.12Co0.7,1,
0.7,0.1,0.2,Zr0.2V0.1Co0.7,1,
0.7,0.08,0.22,Zr0.22V0.08Co0.7,0.995,
0.7,0.06,0.24,Zr0.24V0.06Co0.7,0.995,
0.7,0.04,0.26,Zr0.26V0.04Co0.7,0.99,
0.7,0.02,0.28,Zr0.28V0.02Co0.7,0.99,
0.68,0.3,0.02,Zr0.02V0.3Co0.68,0.965,
0.68,0.28,0.04,Zr0.04V0.28Co0.68,0.97,
0.68,0.26,0.06,Zr0.06V0.26Co0.68,0.995,
0.68,0.24,0.08,Zr0.08V0.24Co0.68,1,
0.68,0.22,0.1,Zr0.1V0.22Co0.68,1,
0.68,0.2,0.12,Zr0.12V0.2Co0.68,1,
0.68,0.18,0.14,Zr0.14V0.18Co0.68,1,
0.68,0.16,0.16,Zr0.16V0.16Co0.68,1,
0.68,0.14,0.18,Zr0.18V0.14Co0.68,1,
0.68,0.12,0.2,Zr0.2V0.12Co0.68,0.995,
0.68,0.1,0.22,Zr0.22V0.1Co0.68,0.995,
0.68,0.08,0.24,Zr0.24V0.08Co0.68,0.995,
0.68,0.06,0.26,Zr0.26V0.06Co0.68,1,
0.68,0.04,0.28,Zr0.28V0.04Co0.68,1,
0.68,0.02,0.3,Zr0.3V0.02Co0.68,1,
0.66,0.32,0.02,Zr0.02V0.32Co0.66,0.965,
0.66,0.3,0.04,Zr0.04V0.3Co0.66,0.97,
0.66,0.28,0.06,Zr0.06V0.28Co0.66,0.99,
0.66,0.26,0.08,Zr0.08V0.26Co0.66,1,
0.66,0.24,0.1,Zr0.1V0.24Co0.66,0.995,
0.66,0.22,0.12,Zr0.12V0.22Co0.66,1,
0.66,0.2,0.14,Zr0.14V0.2Co0.66,1,
0.66,0.18,0.16,Zr0.16V0.18Co0.66,0.995,
0.66,0.16,0.18,Zr0.18V0.16Co0.66,0.995,
0.66,0.14,0.2,Zr0.2V0.14Co0.66,0.99,
0.66,0.12,0.22,Zr0.22V0.12Co0.66,1,
0.66,0.1,0.24,Zr0.24V0.1Co0.66,1,
0.66,0.08,0.26,Zr0.26V0.08Co0.66,1,
0.66,0.06,0.28,Zr0.28V0.06Co0.66,1,
0.66,0.04,0.3,Zr0.3V0.04Co0.66,1,
0.66,0.02,0.32,Zr0.32V0.02Co0.66,1,
0.64,0.34,0.02,Zr0.02V0.34Co0.64,0.97,
0.64,0.32,0.04,Zr0.04V0.32Co0.64,0.975,
0.64,0.3,0.06,Zr0.06V0.3Co0.64,0.995,
0.64,0.28,0.08,Zr0.08V0.28Co0.64,0.995,
0.64,0.26,0.1,Zr0.1V0.26Co0.64,1,
0.64,0.24,0.12,Zr0.12V0.24Co0.64,1,
0.64,0.22,0.14,Zr0.14V0.22Co0.64,0.995,
0.64,0.2,0.16,Zr0.16V0.2Co0.64,0.995,
0.64,0.18,0.18,Zr0.18V0.18Co0.64,0.995,
0.64,0.16,0.2,Zr0.2V0.16Co0.64,0.99,
0.64,0.14,0.22,Zr0.22V0.14Co0.64,1,
0.64,0.12,0.24,Zr0.24V0.12Co0.64,1,
0.64,0.1,0.26,Zr0.26V0.1Co0.64,1,
0.64,0.08,0.28,Zr0.28V0.08Co0.64,1,
0.64,0.06,0.3,Zr0.3V0.06Co0.64,1,
0.64,0.04,0.32,Zr0.32V0.04Co0.64,1,
0.64,0.02,0.34,Zr0.34V0.02Co0.64,1,
0.62,0.36,0.02,Zr0.02V0.36Co0.62,0.97,
0.62,0.34,0.04,Zr0.04V0.34Co0.62,0.97,
0.62,0.32,0.06,Zr0.06V0.32Co0.62,0.985,
0.62,0.3,0.08,Zr0.08V0.3Co0.62,1,
0.62,0.28,0.1,Zr0.1V0.28Co0.62,1,
0.62,0.26,0.12,Zr0.12V0.26Co0.62,1,
0.62,0.24,0.14,Zr0.14V0.24Co0.62,0.995,
0.62,0.22,0.16,Zr0.16V0.22Co0.62,0.995,
0.62,0.2,0.18,Zr0.18V0.2Co0.62,0.995,
0.62,0.18,0.2,Zr0.2V0.18Co0.62,0.99,
0.62,0.16,0.22,Zr0.22V0.16Co0.62,1,
0.62,0.14,0.24,Zr0.24V0.14Co0.62,1,
0.62,0.12,0.26,Zr0.26V0.12Co0.62,1,
0.62,0.1,0.28,Zr0.28V0.1Co0.62,1,
0.62,0.08,0.3,Zr0.3V0.08Co0.62,1,
0.62,0.06,0.32,Zr0.32V0.06Co0.62,1,
0.62,0.04,0.34,Zr0.34V0.04Co0.62,1,
0.62,0.02,0.36,Zr0.36V0.02Co0.62,1,
0.6,0.38,0.02,Zr0.02V0.38Co0.6,0.955,
0.6,0.36,0.04,Zr0.04V0.36Co0.6,0.965,
0.6,0.34,0.06,Zr0.06V0.34Co0.6,0.98,
0.6,0.32,0.08,Zr0.08V0.32Co0.6,0.995,
0.6,0.3,0.1,Zr0.1V0.3Co0.6,1,
0.6,0.28,0.12,Zr0.12V0.28Co0.6,1,
0.6,0.26,0.14,Zr0.14V0.26Co0.6,0.995,
0.6,0.24,0.16,Zr0.16V0.24Co0.6,0.995,
0.6,0.22,0.18,Zr0.18V0.22Co0.6,0.99,
0.6,0.2,0.2,Zr0.2V0.2Co0.6,0.985,
0.6,0.18,0.22,Zr0.22V0.18Co0.6,0.995,
0.6,0.16,0.24,Zr0.24V0.16Co0.6,1,
0.6,0.14,0.26,Zr0.26V0.14Co0.6,1,
0.6,0.12,0.28,Zr0.28V0.12Co0.6,1,
0.6,0.1,0.3,Zr0.3V0.1Co0.6,1,
0.6,0.08,0.32,Zr0.32V0.08Co0.6,1,
0.6,0.06,0.34,Zr0.34V0.06Co0.6,1,
0.6,0.04,0.36,Zr0.36V0.04Co0.6,1,
0.6,0.02,0.38,Zr0.38V0.02Co0.6,1,
0.58,0.4,0.02,Zr0.02V0.4Co0.58,0.95,
0.58,0.38,0.04,Zr0.04V0.38Co0.58,0.96,
0.58,0.36,0.06,Zr0.06V0.36Co0.58,0.975,
0.58,0.34,0.08,Zr0.08V0.34Co0.58,0.99,
0.58,0.32,0.1,Zr0.1V0.32Co0.58,0.995,
0.58,0.3,0.12,Zr0.12V0.3Co0.58,0.995,
0.58,0.28,0.14,Zr0.14V0.28Co0.58,0.99,
0.58,0.26,0.16,Zr0.16V0.26Co0.58,0.99,
0.58,0.24,0.18,Zr0.18V0.24Co0.58,0.99,
0.58,0.22,0.2,Zr0.2V0.22Co0.58,0.99,
0.58,0.2,0.22,Zr0.22V0.2Co0.58,0.995,
0.58,0.18,0.24,Zr0.24V0.18Co0.58,0.995,
0.58,0.16,0.26,Zr0.26V0.16Co0.58,0.995,
0.58,0.14,0.28,Zr0.28V0.14Co0.58,1,
0.58,0.12,0.3,Zr0.3V0.12Co0.58,1,
0.58,0.1,0.32,Zr0.32V0.1Co0.58,1,
0.58,0.08,0.34,Zr0.34V0.08Co0.58,1,
0.58,0.06,0.36,Zr0.36V0.06Co0.58,1,
0.58,0.04,0.38,Zr0.38V0.04Co0.58,1,
0.58,0.02,0.4,Zr0.4V0.02Co0.58,1,
0.56,0.42,0.02,Zr0.02V0.42Co0.56,0.945,
0.56,0.4,0.04,Zr0.04V0.4Co0.56,0.95,
0.56,0.38,0.06,Zr0.06V0.38Co0.56,0.965,
0.56,0.36,0.08,Zr0.08V0.36Co0.56,0.98,
0.56,0.34,0.1,Zr0.1V0.34Co0.56,0.99,
0.56,0.32,0.12,Zr0.12V0.32Co0.56,0.99,
0.56,0.3,0.14,Zr0.14V0.3Co0.56,0.985,
0.56,0.28,0.16,Zr0.16V0.28Co0.56,0.985,
0.56,0.26,0.18,Zr0.18V0.26Co0.56,0.985,
0.56,0.24,0.2,Zr0.2V0.24Co0.56,0.985,
0.56,0.22,0.22,Zr0.22V0.22Co0.56,0.995,
0.56,0.2,0.24,Zr0.24V0.2Co0.56,0.995,
0.56,0.18,0.26,Zr0.26V0.18Co0.56,0.995,
0.56,0.16,0.28,Zr0.28V0.16Co0.56,1,
0.56,0.14,0.3,Zr0.3V0.14Co0.56,1,
0.56,0.12,0.32,Zr0.32V0.12Co0.56,1,
0.56,0.1,0.34,Zr0.34V0.1Co0.56,1,
0.56,0.08,0.36,Zr0.36V0.08Co0.56,1,
0.56,0.06,0.38,Zr0.38V0.06Co0.56,1,
0.56,0.04,0.4,Zr0.4V0.04Co0.56,1,
0.56,0.02,0.42,Zr0.42V0.02Co0.56,1,
0.54,0.44,0.02,Zr0.02V0.44Co0.54,0.935,
0.54,0.42,0.04,Zr0.04V0.42Co0.54,0.95,
0.54,0.4,0.06,Zr0.06V0.4Co0.54,0.965,
0.54,0.38,0.08,Zr0.08V0.38Co0.54,0.98,
0.54,0.36,0.1,Zr0.1V0.36Co0.54,0.99,
0.54,0.34,0.12,Zr0.12V0.34Co0.54,0.99,
0.54,0.32,0.14,Zr0.14V0.32Co0.54,0.985,
0.54,0.3,0.16,Zr0.16V0.3Co0.54,0.985,
0.54,0.28,0.18,Zr0.18V0.28Co0.54,0.985,
0.54,0.26,0.2,Zr0.2V0.26Co0.54,0.99,
0.54,0.24,0.22,Zr0.22V0.24Co0.54,0.995,
0.54,0.22,0.24,Zr0.24V0.22Co0.54,0.995,
0.54,0.2,0.26,Zr0.26V0.2Co0.54,1,
0.54,0.18,0.28,Zr0.28V0.18Co0.54,1,
0.54,0.16,0.3,Zr0.3V0.16Co0.54,1,
0.54,0.14,0.32,Zr0.32V0.14Co0.54,1,
0.54,0.12,0.34,Zr0.34V0.12Co0.54,1,
0.54,0.1,0.36,Zr0.36V0.1Co0.54,1,
0.54,0.08,0.38,Zr0.38V0.08Co0.54,1,
0.54,0.06,0.4,Zr0.4V0.06Co0.54,1,
0.54,0.04,0.42,Zr0.42V0.04Co0.54,1,
0.54,0.02,0.44,Zr0.44V0.02Co0.54,1,
0.52,0.46,0.02,Zr0.02V0.46Co0.52,0.925,
0.52,0.44,0.04,Zr0.04V0.44Co0.52,0.945,
0.52,0.42,0.06,Zr0.06V0.42Co0.52,0.96,
0.52,0.4,0.08,Zr0.08V0.4Co0.52,0.97,
0.52,0.38,0.1,Zr0.1V0.38Co0.52,0.985,
0.52,0.36,0.12,Zr0.12V0.36Co0.52,0.985,
0.52,0.34,0.14,Zr0.14V0.34Co0.52,0.98,
0.52,0.32,0.16,Zr0.16V0.32Co0.52,0.985,
0.52,0.3,0.18,Zr0.18V0.3Co0.52,0.985,
0.52,0.28,0.2,Zr0.2V0.28Co0.52,0.985,
0.52,0.26,0.22,Zr0.22V0.26Co0.52,0.99,
0.52,0.24,0.24,Zr0.24V0.24Co0.52,0.995,
0.52,0.22,0.26,Zr0.26V0.22Co0.52,1,
0.52,0.2,0.28,Zr0.28V0.2Co0.52,1,
0.52,0.18,0.3,Zr0.3V0.18Co0.52,1,
0.52,0.16,0.32,Zr0.32V0.16Co0.52,1,
0.52,0.14,0.34,Zr0.34V0.14Co0.52,1,
0.52,0.12,0.36,Zr0.36V0.12Co0.52,1,
0.52,0.1,0.38,Zr0.38V0.1Co0.52,1,
0.52,0.08,0.4,Zr0.4V0.08Co0.52,1,
0.52,0.06,0.42,Zr0.42V0.06Co0.52,1,
0.52,0.04,0.44,Zr0.44V0.04Co0.52,1,
0.52,0.02,0.46,Zr0.46V0.02Co0.52,1,
0.5,0.48,0.02,Zr0.02V0.48Co0.5,0.925,
0.5,0.46,0.04,Zr0.04V0.46Co0.5,0.935,
0.5,0.44,0.06,Zr0.06V0.44Co0.5,0.96,
0.5,0.42,0.08,Zr0.08V0.42Co0.5,0.965,
0.5,0.4,0.1,Zr0.1V0.4Co0.5,0.98,
0.5,0.38,0.12,Zr0.12V0.38Co0.5,0.98,
0.5,0.36,0.14,Zr0.14V0.36Co0.5,0.985,
0.5,0.34,0.16,Zr0.16V0.34Co0.5,0.985,
0.5,0.32,0.18,Zr0.18V0.32Co0.5,0.985,
0.5,0.3,0.2,Zr0.2V0.3Co0.5,0.99,
0.5,0.28,0.22,Zr0.22V0.28Co0.5,0.99,
0.5,0.26,0.24,Zr0.24V0.26Co0.5,0.995,
0.5,0.24,0.26,Zr0.26V0.24Co0.5,1,
0.5,0.22,0.28,Zr0.28V0.22Co0.5,1,
0.5,0.2,0.3,Zr0.3V0.2Co0.5,1,
0.5,0.18,0.32,Zr0.32V0.18Co0.5,1,
0.5,0.16,0.34,Zr0.34V0.16Co0.5,1,
0.5,0.14,0.36,Zr0.36V0.14Co0.5,1,
0.5,0.12,0.38,Zr0.38V0.12Co0.5,1,
0.5,0.1,0.4,Zr0.4V0.1Co0.5,1,
0.5,0.08,0.42,Zr0.42V0.08Co0.5,1,
0.5,0.06,0.44,Zr0.44V0.06Co0.5,1,
0.5,0.04,0.46,Zr0.46V0.04Co0.5,1,
0.5,0.02,0.48,Zr0.48V0.02Co0.5,1,
0.48,0.5,0.02,Zr0.02V0.5Co0.48,0.87,
0.48,0.48,0.04,Zr0.04V0.48Co0.48,0.91,
0.48,0.46,0.06,Zr0.06V0.46Co0.48,0.96,
0.48,0.44,0.08,Zr0.08V0.44Co0.48,0.965,
0.48,0.42,0.1,Zr0.1V0.42Co0.48,0.98,
0.48,0.4,0.12,Zr0.12V0.4Co0.48,0.98,
0.48,0.38,0.14,Zr0.14V0.38Co0.48,0.985,
0.48,0.36,0.16,Zr0.16V0.36Co0.48,0.985,
0.48,0.34,0.18,Zr0.18V0.34Co0.48,0.985,
0.48,0.32,0.2,Zr0.2V0.32Co0.48,0.99,
0.48,0.3,0.22,Zr0.22V0.3Co0.48,0.995,
0.48,0.28,0.24,Zr0.24V0.28Co0.48,0.995,
0.48,0.26,0.26,Zr0.26V0.26Co0.48,1,
0.48,0.24,0.28,Zr0.28V0.24Co0.48,1,
0.48,0.22,0.3,Zr0.3V0.22Co0.48,1,
0.48,0.2,0.32,Zr0.32V0.2Co0.48,1,
0.48,0.18,0.34,Zr0.34V0.18Co0.48,1,
0.48,0.16,0.36,Zr0.36V0.16Co0.48,1,
0.48,0.14,0.38,Zr0.38V0.14Co0.48,1,
0.48,0.12,0.4,Zr0.4V0.12Co0.48,1,
0.48,0.1,0.42,Zr0.42V0.1Co0.48,1,
0.48,0.08,0.44,Zr0.44V0.08Co0.48,1,
0.48,0.06,0.46,Zr0.46V0.06Co0.48,1,
0.48,0.04,0.48,Zr0.48V0.04Co0.48,0.995,
0.48,0.02,0.5,Zr0.5V0.02Co0.48,1,
0.46,0.52,0.02,Zr0.02V0.52Co0.46,0.87,
0.46,0.5,0.04,Zr0.04V0.5Co0.46,0.875,
0.46,0.48,0.06,Zr0.06V0.48Co0.46,0.895,
0.46,0.46,0.08,Zr0.08V0.46Co0.46,0.935,
0.46,0.44,0.1,Zr0.1V0.44Co0.46,0.975,
0.46,0.42,0.12,Zr0.12V0.42Co0.46,0.98,
0.46,0.4,0.14,Zr0.14V0.4Co0.46,0.985,
0.46,0.38,0.16,Zr0.16V0.38Co0.46,0.985,
0.46,0.36,0.18,Zr0.18V0.36Co0.46,0.985,
0.46,0.34,0.2,Zr0.2V0.34Co0.46,0.985,
0.46,0.32,0.22,Zr0.22V0.32Co0.46,0.995,
0.46,0.3,0.24,Zr0.24V0.3Co0.46,0.995,
0.46,0.28,0.26,Zr0.26V0.28Co0.46,1,
0.46,0.26,0.28,Zr0.28V0.26Co0.46,1,
0.46,0.24,0.3,Zr0.3V0.24Co0.46,1,
0.46,0.22,0.32,Zr0.32V0.22Co0.46,1,
0.46,0.2,0.34,Zr0.34V0.2Co0.46,1,
0.46,0.18,0.36,Zr0.36V0.18Co0.46,1,
0.46,0.16,0.38,Zr0.38V0.16Co0.46,1,
0.46,0.14,0.4,Zr0.4V0.14Co0.46,1,
0.46,0.12,0.42,Zr0.42V0.12Co0.46,1,
0.46,0.1,0.44,Zr0.44V0.1Co0.46,1,
0.46,0.08,0.46,Zr0.46V0.08Co0.46,0.995,
0.46,0.06,0.48,Zr0.48V0.06Co0.46,1,
0.46,0.04,0.5,Zr0.5V0.04Co0.46,1,
0.46,0.02,0.52,Zr0.52V0.02Co0.46,1,
0.44,0.54,0.02,Zr0.02V0.54Co0.44,0.875,
0.44,0.52,0.04,Zr0.04V0.52Co0.44,0.875,
0.44,0.5,0.06,Zr0.06V0.5Co0.44,0.89,
0.44,0.48,0.08,Zr0.08V0.48Co0.44,0.895,
0.44,0.46,0.1,Zr0.1V0.46Co0.44,0.895,
0.44,0.44,0.12,Zr0.12V0.44Co0.44,0.945,
0.44,0.42,0.14,Zr0.14V0.42Co0.44,0.985,
0.44,0.4,0.16,Zr0.16V0.4Co0.44,0.985,
0.44,0.38,0.18,Zr0.18V0.38Co0.44,0.985,
0.44,0.36,0.2,Zr0.2V0.36Co0.44,0.985,
0.44,0.34,0.22,Zr0.22V0.34Co0.44,0.99,
0.44,0.32,0.24,Zr0.24V0.32Co0.44,0.995,
0.44,0.3,0.26,Zr0.26V0.3Co0.44,1,
0.44,0.28,0.28,Zr0.28V0.28Co0.44,1,
0.44,0.26,0.3,Zr0.3V0.26Co0.44,1,
0.44,0.24,0.32,Zr0.32V0.24Co0.44,1,
0.44,0.22,0.34,Zr0.34V0.22Co0.44,1,
0.44,0.2,0.36,Zr0.36V0.2Co0.44,1,
0.44,0.18,0.38,Zr0.38V0.18Co0.44,1,
0.44,0.16,0.4,Zr0.4V0.16Co0.44,1,
0.44,0.14,0.42,Zr0.42V0.14Co0.44,1,
0.44,0.12,0.44,Zr0.44V0.12Co0.44,0.995,
0.44,0.1,0.46,Zr0.46V0.1Co0.44,1,
0.44,0.08,0.48,Zr0.48V0.08Co0.44,1,
0.44,0.06,0.5,Zr0.5V0.06Co0.44,1,
0.44,0.04,0.52,Zr0.52V0.04Co0.44,1,
0.44,0.02,0.54,Zr0.54V0.02Co0.44,1,
0.42,0.56,0.02,Zr0.02V0.56Co0.42,0.88,
0.42,0.54,0.04,Zr0.04V0.54Co0.42,0.87,
0.42,0.52,0.06,Zr0.06V0.52Co0.42,0.89,
0.42,0.5,0.08,Zr0.08V0.5Co0.42,0.895,
0.42,0.48,0.1,Zr0.1V0.48Co0.42,0.895,
0.42,0.46,0.12,Zr0.12V0.46Co0.42,0.905,
0.42,0.44,0.14,Zr0.14V0.44Co0.42,0.905,
0.42,0.42,0.16,Zr0.16V0.42Co0.42,0.955,
0.42,0.4,0.18,Zr0.18V0.4Co0.42,0.985,
0.42,0.38,0.2,Zr0.2V0.38Co0.42,0.985,
0.42,0.36,0.22,Zr0.22V0.36Co0.42,0.99,
0.42,0.34,0.24,Zr0.24V0.34Co0.42,0.99,
0.42,0.32,0.26,Zr0.26V0.32Co0.42,1,
0.42,0.3,0.28,Zr0.28V0.3Co0.42,1,
0.42,0.28,0.3,Zr0.3V0.28Co0.42,1,
0.42,0.26,0.32,Zr0.32V0.26Co0.42,1,
0.42,0.24,0.34,Zr0.34V0.24Co0.42,1,
0.42,0.22,0.36,Zr0.36V0.22Co0.42,1,
0.42,0.2,0.38,Zr0.38V0.2Co0.42,1,
0.42,0.18,0.4,Zr0.4V0.18Co0.42,1,
0.42,0.16,0.42,Zr0.42V0.16Co0.42,0.995,
0.42,0.14,0.44,Zr0.44V0.14Co0.42,1,
0.42,0.12,0.46,Zr0.46V0.12Co0.42,1,
0.42,0.1,0.48,Zr0.48V0.1Co0.42,1,
0.42,0.08,0.5,Zr0.5V0.08Co0.42,1,
0.42,0.06,0.52,Zr0.52V0.06Co0.42,1,
0.42,0.04,0.54,Zr0.54V0.04Co0.42,1,
0.42,0.02,0.56,Zr0.56V0.02Co0.42,1,
0.4,0.58,0.02,Zr0.02V0.58Co0.4,0.885,
0.4,0.56,0.04,Zr0.04V0.56Co0.4,0.875,
0.4,0.54,0.06,Zr0.06V0.54Co0.4,0.885,
0.4,0.52,0.08,Zr0.08V0.52Co0.4,0.885,
0.4,0.5,0.1,Zr0.1V0.5Co0.4,0.885,
0.4,0.48,0.12,Zr0.12V0.48Co0.4,0.9,
0.4,0.46,0.14,Zr0.14V0.46Co0.4,0.905,
0.4,0.44,0.16,Zr0.16V0.44Co0.4,0.915,
0.4,0.42,0.18,Zr0.18V0.42Co0.4,0.915,
0.4,0.4,0.2,Zr0.2V0.4Co0.4,0.96,
0.4,0.38,0.22,Zr0.22V0.38Co0.4,0.99,
0.4,0.36,0.24,Zr0.24V0.36Co0.4,0.99,
0.4,0.34,0.26,Zr0.26V0.34Co0.4,0.995,
0.4,0.32,0.28,Zr0.28V0.32Co0.4,1,
0.4,0.3,0.3,Zr0.3V0.3Co0.4,1,
0.4,0.28,0.32,Zr0.32V0.28Co0.4,1,
0.4,0.26,0.34,Zr0.34V0.26Co0.4,1,
0.4,0.24,0.36,Zr0.36V0.24Co0.4,1,
0.4,0.22,0.38,Zr0.38V0.22Co0.4,1,
0.4,0.2,0.4,Zr0.4V0.2Co0.4,0.995,
0.4,0.18,0.42,Zr0.42V0.18Co0.4,1,
0.4,0.16,0.44,Zr0.44V0.16Co0.4,1,
0.4,0.14,0.46,Zr0.46V0.14Co0.4,1,
0.4,0.12,0.48,Zr0.48V0.12Co0.4,1,
0.4,0.1,0.5,Zr0.5V0.1Co0.4,1,
0.4,0.08,0.52,Zr0.52V0.08Co0.4,1,
0.4,0.06,0.54,Zr0.54V0.06Co0.4,1,
0.4,0.04,0.56,Zr0.56V0.04Co0.4,1,
0.4,0.02,0.58,Zr0.58V0.02Co0.4,1,
0.38,0.6,0.02,Zr0.02V0.6Co0.38,0.885,
0.38,0.58,0.04,Zr0.04V0.58Co0.38,0.88,
0.38,0.56,0.06,Zr0.06V0.56Co0.38,0.88,
0.38,0.54,0.08,Zr0.08V0.54Co0.38,0.89,
0.38,0.52,0.1,Zr0.1V0.52Co0.38,0.885,
0.38,0.5,0.12,Zr0.12V0.5Co0.38,0.905,
0.38,0.48,0.14,Zr0.14V0.48Co0.38,0.91,
0.38,0.46,0.16,Zr0.16V0.46Co0.38,0.915,
0.38,0.44,0.18,Zr0.18V0.44Co0.38,0.92,
0.38,0.42,0.2,Zr0.2V0.42Co0.38,0.925,
0.38,0.4,0.22,Zr0.22V0.4Co0.38,0.93,
0.38,0.38,0.24,Zr0.24V0.38Co0.38,0.975,
0.38,0.36,0.26,Zr0.26V0.36Co0.38,0.995,
0.38,0.34,0.28,Zr0.28V0.34Co0.38,0.995,
0.38,0.32,0.3,Zr0.3V0.32Co0.38,1,
0.38,0.3,0.32,Zr0.32V0.3Co0.38,1,
0.38,0.28,0.34,Zr0.34V0.28Co0.38,1,
0.38,0.26,0.36,Zr0.36V0.26Co0.38,1,
0.38,0.24,0.38,Zr0.38V0.24Co0.38,0.995,
0.38,0.22,0.4,Zr0.4V0.22Co0.38,1,
0.38,0.2,0.42,Zr0.42V0.2Co0.38,1,
0.38,0.18,0.44,Zr0.44V0.18Co0.38,1,
0.38,0.16,0.46,Zr0.46V0.16Co0.38,1,
0.38,0.14,0.48,Zr0.48V0.14Co0.38,1,
0.38,0.12,0.5,Zr0.5V0.12Co0.38,1,
0.38,0.1,0.52,Zr0.52V0.1Co0.38,1,
0.38,0.08,0.54,Zr0.54V0.08Co0.38,1,
0.38,0.06,0.56,Zr0.56V0.06Co0.38,1,
0.38,0.04,0.58,Zr0.58V0.04Co0.38,1,
0.38,0.02,0.6,Zr0.6V0.02Co0.38,1,
0.36,0.62,0.02,Zr0.02V0.62Co0.36,0.88,
0.36,0.6,0.04,Zr0.04V0.6Co0.36,0.88,
0.36,0.58,0.06,Zr0.06V0.58Co0.36,0.89,
0.36,0.56,0.08,Zr0.08V0.56Co0.36,0.895,
0.36,0.54,0.1,Zr0.1V0.54Co0.36,0.895,
0.36,0.52,0.12,Zr0.12V0.52Co0.36,0.905,
0.36,0.5,0.14,Zr0.14V0.5Co0.36,0.92,
0.36,0.48,0.16,Zr0.16V0.48Co0.36,0.925,
0.36,0.46,0.18,Zr0.18V0.46Co0.36,0.925,
0.36,0.44,0.2,Zr0.2V0.44Co0.36,0.925,
0.36,0.42,0.22,Zr0.22V0.42Co0.36,0.93,
0.36,0.4,0.24,Zr0.24V0.4Co0.36,0.935,
0.36,0.38,0.26,Zr0.26V0.38Co0.36,0.93,
0.36,0.36,0.28,Zr0.28V0.36Co0.36,0.975,
0.36,0.34,0.3,Zr0.3V0.34Co0.36,0.995,
0.36,0.32,0.32,Zr0.32V0.32Co0.36,1,
0.36,0.3,0.34,Zr0.34V0.3Co0.36,1,
0.36,0.28,0.36,Zr0.36V0.28Co0.36,0.995,
0.36,0.26,0.38,Zr0.38V0.26Co0.36,1,
0.36,0.24,0.4,Zr0.4V0.24Co0.36,1,
0.36,0.22,0.42,Zr0.42V0.22Co0.36,1,
0.36,0.2,0.44,Zr0.44V0.2Co0.36,1,
0.36,0.18,0.46,Zr0.46V0.18Co0.36,1,
0.36,0.16,0.48,Zr0.48V0.16Co0.36,1,
0.36,0.14,0.5,Zr0.5V0.14Co0.36,1,
0.36,0.12,0.52,Zr0.52V0.12Co0.36,1,
0.36,0.1,0.54,Zr0.54V0.1Co0.36,1,
0.36,0.08,0.56,Zr0.56V0.08Co0.36,1,
0.36,0.06,0.58,Zr0.58V0.06Co0.36,1,
0.36,0.04,0.6,Zr0.6V0.04Co0.36,1,
0.36,0.02,0.62,Zr0.62V0.02Co0.36,1,
0.34,0.64,0.02,Zr0.02V0.64Co0.34,0.87,
0.34,0.62,0.04,Zr0.04V0.62Co0.34,0.88,
0.34,0.6,0.06,Zr0.06V0.6Co0.34,0.89,
0.34,0.58,0.08,Zr0.08V0.58Co0.34,0.89,
0.34,0.56,0.1,Zr0.1V0.56Co0.34,0.895,
0.34,0.54,0.12,Zr0.12V0.54Co0.34,0.905,
0.34,0.52,0.14,Zr0.14V0.52Co0.34,0.915,
0.34,0.5,0.16,Zr0.16V0.5Co0.34,0.925,
0.34,0.48,0.18,Zr0.18V0.48Co0.34,0.93,
0.34,0.46,0.2,Zr0.2V0.46Co0.34,0.93,
0.34,0.44,0.22,Zr0.22V0.44Co0.34,0.935,
0.34,0.42,0.24,Zr0.24V0.42Co0.34,0.94,
0.34,0.4,0.26,Zr0.26V0.4Co0.34,0.935,
0.34,0.38,0.28,Zr0.28V0.38Co0.34,0.935,
0.34,0.36,0.3,Zr0.3V0.36Co0.34,0.935,
0.34,0.34,0.32,Zr0.32V0.34Co0.34,0.98,
0.34,0.32,0.34,Zr0.34V0.32Co0.34,0.995,
0.34,0.3,0.36,Zr0.36V0.3Co0.34,1,
0.34,0.28,0.38,Zr0.38V0.28Co0.34,1,
0.34,0.26,0.4,Zr0.4V0.26Co0.34,1,
0.34,0.24,0.42,Zr0.42V0.24Co0.34,1,
0.34,0.22,0.44,Zr0.44V0.22Co0.34,1,
0.34,0.2,0.46,Zr0.46V0.2Co0.34,1,
0.34,0.18,0.48,Zr0.48V0.18Co0.34,1,
0.34,0.16,0.5,Zr0.5V0.16Co0.34,1,
0.34,0.14,0.52,Zr0.52V0.14Co0.34,1,
0.34,0.12,0.54,Zr0.54V0.12Co0.34,1,
0.34,0.1,0.56,Zr0.56V0.1Co0.34,1,
0.34,0.08,0.58,Zr0.58V0.08Co0.34,1,
0.34,0.06,0.6,Zr0.6V0.06Co0.34,1,
0.34,0.04,0.62,Zr0.62V0.04Co0.34,1,
0.34,0.02,0.64,Zr0.64V0.02Co0.34,1,
0.32,0.66,0.02,Zr0.02V0.66Co0.32,0.87,
0.32,0.64,0.04,Zr0.04V0.64Co0.32,0.88,
0.32,0.62,0.06,Zr0.06V0.62Co0.32,0.88,
0.32,0.6,0.08,Zr0.08V0.6Co0.32,0.89,
0.32,0.58,0.1,Zr0.1V0.58Co0.32,0.895,
0.32,0.56,0.12,Zr0.12V0.56Co0.32,0.9,
0.32,0.54,0.14,Zr0.14V0.54Co0.32,0.915,
0.32,0.52,0.16,Zr0.16V0.52Co0.32,0.925,
0.32,0.5,0.18,Zr0.18V0.5Co0.32,0.93,
0.32,0.48,0.2,Zr0.2V0.48Co0.32,0.93,
0.32,0.46,0.22,Zr0.22V0.46Co0.32,0.94,
0.32,0.44,0.24,Zr0.24V0.44Co0.32,0.94,
0.32,0.42,0.26,Zr0.26V0.42Co0.32,0.935,
0.32,0.4,0.28,Zr0.28V0.4Co0.32,0.935,
0.32,0.38,0.3,Zr0.3V0.38Co0.32,0.935,
0.32,0.36,0.32,Zr0.32V0.36Co0.32,0.935,
0.32,0.34,0.34,Zr0.34V0.34Co0.32,0.975,
0.32,0.32,0.36,Zr0.36V0.32Co0.32,1,
0.32,0.3,0.38,Zr0.38V0.3Co0.32,1,
0.32,0.28,0.4,Zr0.4V0.28Co0.32,1,
0.32,0.26,0.42,Zr0.42V0.26Co0.32,1,
0.32,0.24,0.44,Zr0.44V0.24Co0.32,1,
0.32,0.22,0.46,Zr0.46V0.22Co0.32,1,
0.32,0.2,0.48,Zr0.48V0.2Co0.32,1,
0.32,0.18,0.5,Zr0.5V0.18Co0.32,1,
0.32,0.16,0.52,Zr0.52V0.16Co0.32,1,
0.32,0.14,0.54,Zr0.54V0.14Co0.32,1,
0.32,0.12,0.56,Zr0.56V0.12Co0.32,1,
0.32,0.1,0.58,Zr0.58V0.1Co0.32,1,
0.32,0.08,0.6,Zr0.6V0.08Co0.32,1,
0.32,0.06,0.62,Zr0.62V0.06Co0.32,1,
0.32,0.04,0.64,Zr0.64V0.04Co0.32,1,
0.32,0.02,0.66,Zr0.66V0.02Co0.32,1,
0.3,0.68,0.02,Zr0.02V0.68Co0.3,0.85,
0.3,0.66,0.04,Zr0.04V0.66Co0.3,0.865,
0.3,0.64,0.06,Zr0.06V0.64Co0.3,0.875,
0.3,0.62,0.08,Zr0.08V0.62Co0.3,0.885,
0.3,0.6,0.1,Zr0.1V0.6Co0.3,0.89,
0.3,0.58,0.12,Zr0.12V0.58Co0.3,0.89,
0.3,0.56,0.14,Zr0.14V0.56Co0.3,0.905,
0.3,0.54,0.16,Zr0.16V0.54Co0.3,0.92,
0.3,0.52,0.18,Zr0.18V0.52Co0.3,0.925,
0.3,0.5,0.2,Zr0.2V0.5Co0.3,0.935,
0.3,0.48,0.22,Zr0.22V0.48Co0.3,0.94,
0.3,0.46,0.24,Zr0.24V0.46Co0.3,0.94,
0.3,0.44,0.26,Zr0.26V0.44Co0.3,0.935,
0.3,0.42,0.28,Zr0.28V0.42Co0.3,0.935,
0.3,0.4,0.3,Zr0.3V0.4Co0.3,0.935,
0.3,0.38,0.32,Zr0.32V0.38Co0.3,0.935,
0.3,0.36,0.34,Zr0.34V0.36Co0.3,0.935,
0.3,0.34,0.36,Zr0.36V0.34Co0.3,0.995,
0.3,0.32,0.38,Zr0.38V0.32Co0.3,1,
0.3,0.3,0.4,Zr0.4V0.3Co0.3,1,
0.3,0.28,0.42,Zr0.42V0.28Co0.3,1,
0.3,0.26,0.44,Zr0.44V0.26Co0.3,1,
0.3,0.24,0.46,Zr0.46V0.24Co0.3,1,
0.3,0.22,0.48,Zr0.48V0.22Co0.3,1,
0.3,0.2,0.5,Zr0.5V0.2Co0.3,1,
0.3,0.18,0.52,Zr0.52V0.18Co0.3,1,
0.3,0.16,0.54,Zr0.54V0.16Co0.3,1,
0.3,0.14,0.56,Zr0.56V0.14Co0.3,1,
0.3,0.12,0.58,Zr0.58V0.12Co0.3,1,
0.3,0.1,0.6,Zr0.6V0.1Co0.3,1,
0.3,0.08,0.62,Zr0.62V0.08Co0.3,1,
0.3,0.06,0.64,Zr0.64V0.06Co0.3,1,
0.3,0.04,0.66,Zr0.66V0.04Co0.3,1,
0.3,0.02,0.68,Zr0.68V0.02Co0.3,1,
0.28,0.7,0.02,Zr0.02V0.7Co0.28,0.845,
0.28,0.68,0.04,Zr0.04V0.68Co0.28,0.865,
0.28,0.66,0.06,Zr0.06V0.66Co0.28,0.88,
0.28,0.64,0.08,Zr0.08V0.64Co0.28,0.88,
0.28,0.62,0.1,Zr0.1V0.62Co0.28,0.885,
0.28,0.6,0.12,Zr0.12V0.6Co0.28,0.895,
0.28,0.58,0.14,Zr0.14V0.58Co0.28,0.9,
0.28,0.56,0.16,Zr0.16V0.56Co0.28,0.92,
0.28,0.54,0.18,Zr0.18V0.54Co0.28,0.92,
0.28,0.52,0.2,Zr0.2V0.52Co0.28,0.93,
0.28,0.5,0.22,Zr0.22V0.5Co0.28,0.935,
0.28,0.48,0.24,Zr0.24V0.48Co0.28,0.94,
0.28,0.46,0.26,Zr0.26V0.46Co0.28,0.935,
0.28,0.44,0.28,Zr0.28V0.44Co0.28,0.935,
0.28,0.42,0.3,Zr0.3V0.42Co0.28,0.935,
0.28,0.4,0.32,Zr0.32V0.4Co0.28,0.935,
0.28,0.38,0.34,Zr0.34V0.38Co0.28,0.935,
0.28,0.36,0.36,Zr0.36V0.36Co0.28,0.975,
0.28,0.34,0.38,Zr0.38V0.34Co0.28,0.995,
0.28,0.32,0.4,Zr0.4V0.32Co0.28,1,
0.28,0.3,0.42,Zr0.42V0.3Co0.28,1,
0.28,0.28,0.44,Zr0.44V0.28Co0.28,1,
0.28,0.26,0.46,Zr0.46V0.26Co0.28,1,
0.28,0.24,0.48,Zr0.48V0.24Co0.28,1,
0.28,0.22,0.5,Zr0.5V0.22Co0.28,1,
0.28,0.2,0.52,Zr0.52V0.2Co0.28,1,
0.28,0.18,0.54,Zr0.54V0.18Co0.28,1,
0.28,0.16,0.56,Zr0.56V0.16Co0.28,1,
0.28,0.14,0.58,Zr0.58V0.14Co0.28,1,
0.28,0.12,0.6,Zr0.6V0.12Co0.28,1,
0.28,0.1,0.62,Zr0.62V0.1Co0.28,1,
0.28,0.08,0.64,Zr0.64V0.08Co0.28,1,
0.28,0.06,0.66,Zr0.66V0.06Co0.28,1,
0.28,0.04,0.68,Zr0.68V0.04Co0.28,1,
0.28,0.02,0.7,Zr0.7V0.02Co0.28,1,
0.26,0.72,0.02,Zr0.02V0.72Co0.26,0.845,
0.26,0.7,0.04,Zr0.04V0.7Co0.26,0.85,
0.26,0.68,0.06,Zr0.06V0.68Co0.26,0.87,
0.26,0.66,0.08,Zr0.08V0.66Co0.26,0.88,
0.26,0.64,0.1,Zr0.1V0.64Co0.26,0.885,
0.26,0.62,0.12,Zr0.12V0.62Co0.26,0.895,
0.26,0.6,0.14,Zr0.14V0.6Co0.26,0.9,
0.26,0.58,0.16,Zr0.16V0.58Co0.26,0.925,
0.26,0.56,0.18,Zr0.18V0.56Co0.26,0.92,
0.26,0.54,0.2,Zr0.2V0.54Co0.26,0.935,
0.26,0.52,0.22,Zr0.22V0.52Co0.26,0.935,
0.26,0.5,0.24,Zr0.24V0.5Co0.26,0.94,
0.26,0.48,0.26,Zr0.26V0.48Co0.26,0.935,
0.26,0.46,0.28,Zr0.28V0.46Co0.26,0.935,
0.26,0.44,0.3,Zr0.3V0.44Co0.26,0.935,
0.26,0.42,0.32,Zr0.32V0.42Co0.26,0.935,
0.26,0.4,0.34,Zr0.34V0.4Co0.26,0.935,
0.26,0.38,0.36,Zr0.36V0.38Co0.26,0.935,
0.26,0.36,0.38,Zr0.38V0.36Co0.26,0.995,
0.26,0.34,0.4,Zr0.4V0.34Co0.26,1,
0.26,0.32,0.42,Zr0.42V0.32Co0.26,1,
0.26,0.3,0.44,Zr0.44V0.3Co0.26,1,
0.26,0.28,0.46,Zr0.46V0.28Co0.26,1,
0.26,0.26,0.48,Zr0.48V0.26Co0.26,1,
0.26,0.24,0.5,Zr0.5V0.24Co0.26,0.995,
0.26,0.22,0.52,Zr0.52V0.22Co0.26,0.995,
0.26,0.2,0.54,Zr0.54V0.2Co0.26,0.995,
0.26,0.18,0.56,Zr0.56V0.18Co0.26,0.995,
0.26,0.16,0.58,Zr0.58V0.16Co0.26,0.995,
0.26,0.14,0.6,Zr0.6V0.14Co0.26,0.995,
0.26,0.12,0.62,Zr0.62V0.12Co0.26,1,
0.26,0.1,0.64,Zr0.64V0.1Co0.26,1,
0.26,0.08,0.66,Zr0.66V0.08Co0.26,1,
0.26,0.06,0.68,Zr0.68V0.06Co0.26,1,
0.26,0.04,0.7,Zr0.7V0.04Co0.26,1,
0.26,0.02,0.72,Zr0.72V0.02Co0.26,0.995,
0.24,0.74,0.02,Zr0.02V0.74Co0.24,0.845,
0.24,0.72,0.04,Zr0.04V0.72Co0.24,0.855,
0.24,0.7,0.06,Zr0.06V0.7Co0.24,0.855,
0.24,0.68,0.08,Zr0.08V0.68Co0.24,0.875,
0.24,0.66,0.1,Zr0.1V0.66Co0.24,0.88,
0.24,0.64,0.12,Zr0.12V0.64Co0.24,0.895,
0.24,0.62,0.14,Zr0.14V0.62Co0.24,0.905,
0.24,0.6,0.16,Zr0.16V0.6Co0.24,0.92,
0.24,0.58,0.18,Zr0.18V0.58Co0.24,0.915,
0.24,0.56,0.2,Zr0.2V0.56Co0.24,0.925,
0.24,0.54,0.22,Zr0.22V0.54Co0.24,0.93,
0.24,0.52,0.24,Zr0.24V0.52Co0.24,0.935,
0.24,0.5,0.26,Zr0.26V0.5Co0.24,0.935,
0.24,0.48,0.28,Zr0.28V0.48Co0.24,0.935,
0.24,0.46,0.3,Zr0.3V0.46Co0.24,0.935,
0.24,0.44,0.32,Zr0.32V0.44Co0.24,0.935,
0.24,0.42,0.34,Zr0.34V0.42Co0.24,0.935,
0.24,0.4,0.36,Zr0.36V0.4Co0.24,0.93,
0.24,0.38,0.38,Zr0.38V0.38Co0.24,0.975,
0.24,0.36,0.4,Zr0.4V0.36Co0.24,0.995,
0.24,0.34,0.42,Zr0.42V0.34Co0.24,1,
0.24,0.32,0.44,Zr0.44V0.32Co0.24,1,
0.24,0.3,0.46,Zr0.46V0.3Co0.24,1,
0.24,0.28,0.48,Zr0.48V0.28Co0.24,1,
0.24,0.26,0.5,Zr0.5V0.26Co0.24,1,
0.24,0.24,0.52,Zr0.52V0.24Co0.24,0.995,
0.24,0.22,0.54,Zr0.54V0.22Co0.24,0.995,
0.24,0.2,0.56,Zr0.56V0.2Co0.24,0.99,
0.24,0.18,0.58,Zr0.58V0.18Co0.24,0.995,
0.24,0.16,0.6,Zr0.6V0.16Co0.24,0.995,
0.24,0.14,0.62,Zr0.62V0.14Co0.24,0.995,
0.24,0.12,0.64,Zr0.64V0.12Co0.24,0.995,
0.24,0.1,0.66,Zr0.66V0.1Co0.24,0.995,
0.24,0.08,0.68,Zr0.68V0.08Co0.24,0.995,
0.24,0.06,0.7,Zr0.7V0.06Co0.24,0.995,
0.24,0.04,0.72,Zr0.72V0.04Co0.24,0.99,
0.24,0.02,0.74,Zr0.74V0.02Co0.24,0.985,
0.22,0.76,0.02,Zr0.02V0.76Co0.22,0.855,
0.22,0.74,0.04,Zr0.04V0.74Co0.22,0.85,
0.22,0.72,0.06,Zr0.06V0.72Co0.22,0.86,
0.22,0.7,0.08,Zr0.08V0.7Co0.22,0.87,
0.22,0.68,0.1,Zr0.1V0.68Co0.22,0.88,
0.22,0.66,0.12,Zr0.12V0.66Co0.22,0.895,
0.22,0.64,0.14,Zr0.14V0.64Co0.22,0.9,
0.22,0.62,0.16,Zr0.16V0.62Co0.22,0.91,
0.22,0.6,0.18,Zr0.18V0.6Co0.22,0.91,
0.22,0.58,0.2,Zr0.2V0.58Co0.22,0.92,
0.22,0.56,0.22,Zr0.22V0.56Co0.22,0.92,
0.22,0.54,0.24,Zr0.24V0.54Co0.22,0.925,
0.22,0.52,0.26,Zr0.26V0.52Co0.22,0.93,
0.22,0.5,0.28,Zr0.28V0.5Co0.22,0.93,
0.22,0.48,0.3,Zr0.3V0.48Co0.22,0.93,
0.22,0.46,0.32,Zr0.32V0.46Co0.22,0.93,
0.22,0.44,0.34,Zr0.34V0.44Co0.22,0.925,
0.22,0.42,0.36,Zr0.36V0.42Co0.22,0.925,
0.22,0.4,0.38,Zr0.38V0.4Co0.22,0.92,
0.22,0.38,0.4,Zr0.4V0.38Co0.22,0.99,
0.22,0.36,0.42,Zr0.42V0.36Co0.22,0.99,
0.22,0.34,0.44,Zr0.44V0.34Co0.22,0.995,
0.22,0.32,0.46,Zr0.46V0.32Co0.22,0.995,
0.22,0.3,0.48,Zr0.48V0.3Co0.22,0.995,
0.22,0.28,0.5,Zr0.5V0.28Co0.22,0.995,
0.22,0.26,0.52,Zr0.52V0.26Co0.22,0.995,
0.22,0.24,0.54,Zr0.54V0.24Co0.22,0.99,
0.22,0.22,0.56,Zr0.56V0.22Co0.22,0.985,
0.22,0.2,0.58,Zr0.58V0.2Co0.22,0.99,
0.22,0.18,0.6,Zr0.6V0.18Co0.22,0.99,
0.22,0.16,0.62,Zr0.62V0.16Co0.22,0.995,
0.22,0.14,0.64,Zr0.64V0.14Co0.22,0.995,
0.22,0.12,0.66,Zr0.66V0.12Co0.22,0.995,
0.22,0.1,0.68,Zr0.68V0.1Co0.22,1,
0.22,0.08,0.7,Zr0.7V0.08Co0.22,1,
0.22,0.06,0.72,Zr0.72V0.06Co0.22,0.99,
0.22,0.04,0.74,Zr0.74V0.04Co0.22,0.99,
0.22,0.02,0.76,Zr0.76V0.02Co0.22,0.975,
0.2,0.78,0.02,Zr0.02V0.78Co0.2,0.845,
0.2,0.76,0.04,Zr0.04V0.76Co0.2,0.84,
0.2,0.74,0.06,Zr0.06V0.74Co0.2,0.845,
0.2,0.72,0.08,Zr0.08V0.72Co0.2,0.86,
0.2,0.7,0.1,Zr0.1V0.7Co0.2,0.86,
0.2,0.68,0.12,Zr0.12V0.68Co0.2,0.885,
0.2,0.66,0.14,Zr0.14V0.66Co0.2,0.89,
0.2,0.64,0.16,Zr0.16V0.64Co0.2,0.9,
0.2,0.62,0.18,Zr0.18V0.62Co0.2,0.9,
0.2,0.6,0.2,Zr0.2V0.6Co0.2,0.91,
0.2,0.58,0.22,Zr0.22V0.58Co0.2,0.91,
0.2,0.56,0.24,Zr0.24V0.56Co0.2,0.91,
0.2,0.54,0.26,Zr0.26V0.54Co0.2,0.92,
0.2,0.52,0.28,Zr0.28V0.52Co0.2,0.92,
0.2,0.5,0.3,Zr0.3V0.5Co0.2,0.92,
0.2,0.48,0.32,Zr0.32V0.48Co0.2,0.92,
0.2,0.46,0.34,Zr0.34V0.46Co0.2,0.92,
0.2,0.44,0.36,Zr0.36V0.44Co0.2,0.915,
0.2,0.42,0.38,Zr0.38V0.42Co0.2,0.915,
0.2,0.4,0.4,Zr0.4V0.4Co0.2,0.965,
0.2,0.38,0.42,Zr0.42V0.38Co0.2,0.99,
0.2,0.36,0.44,Zr0.44V0.36Co0.2,0.99,
0.2,0.34,0.46,Zr0.46V0.34Co0.2,0.99,
0.2,0.32,0.48,Zr0.48V0.32Co0.2,0.995,
0.2,0.3,0.5,Zr0.5V0.3Co0.2,0.995,
0.2,0.28,0.52,Zr0.52V0.28Co0.2,0.995,
0.2,0.26,0.54,Zr0.54V0.26Co0.2,0.995,
0.2,0.24,0.56,Zr0.56V0.24Co0.2,0.99,
0.2,0.22,0.58,Zr0.58V0.22Co0.2,0.995,
0.2,0.2,0.6,Zr0.6V0.2Co0.2,0.995,
0.2,0.18,0.62,Zr0.62V0.18Co0.2,1,
0.2,0.16,0.64,Zr0.64V0.16Co0.2,1,
0.2,0.14,0.66,Zr0.66V0.14Co0.2,1,
0.2,0.12,0.68,Zr0.68V0.12Co0.2,1,
0.2,0.1,0.7,Zr0.7V0.1Co0.2,1,
0.2,0.08,0.72,Zr0.72V0.08Co0.2,0.995,
0.2,0.06,0.74,Zr0.74V0.06Co0.2,1,
0.2,0.04,0.76,Zr0.76V0.04Co0.2,0.99,
0.2,0.02,0.78,Zr0.78V0.02Co0.2,0.995,
0.18,0.8,0.02,Zr0.02V0.8Co0.18,0.84,
0.18,0.78,0.04,Zr0.04V0.78Co0.18,0.86,
0.18,0.76,0.06,Zr0.06V0.76Co0.18,0.855,
0.18,0.74,0.08,Zr0.08V0.74Co0.18,0.87,
0.18,0.72,0.1,Zr0.1V0.72Co0.18,0.865,
0.18,0.7,0.12,Zr0.12V0.7Co0.18,0.88,
0.18,0.68,0.14,Zr0.14V0.68Co0.18,0.89,
0.18,0.66,0.16,Zr0.16V0.66Co0.18,0.885,
0.18,0.64,0.18,Zr0.18V0.64Co0.18,0.895,
0.18,0.62,0.2,Zr0.2V0.62Co0.18,0.895,
0.18,0.6,0.22,Zr0.22V0.6Co0.18,0.905,
0.18,0.58,0.24,Zr0.24V0.58Co0.18,0.905,
0.18,0.56,0.26,Zr0.26V0.56Co0.18,0.905,
0.18,0.54,0.28,Zr0.28V0.54Co0.18,0.91,
0.18,0.52,0.3,Zr0.3V0.52Co0.18,0.915,
0.18,0.5,0.32,Zr0.32V0.5Co0.18,0.92,
0.18,0.48,0.34,Zr0.34V0.48Co0.18,0.91,
0.18,0.46,0.36,Zr0.36V0.46Co0.18,0.91,
0.18,0.44,0.38,Zr0.38V0.44Co0.18,0.91,
0.18,0.42,0.4,Zr0.4V0.42Co0.18,0.91,
0.18,0.4,0.42,Zr0.42V0.4Co0.18,0.99,
0.18,0.38,0.44,Zr0.44V0.38Co0.18,0.99,
0.18,0.36,0.46,Zr0.46V0.36Co0.18,0.99,
0.18,0.34,0.48,Zr0.48V0.34Co0.18,0.99,
0.18,0.32,0.5,Zr0.5V0.32Co0.18,0.99,
0.18,0.3,0.52,Zr0.52V0.3Co0.18,0.995,
0.18,0.28,0.54,Zr0.54V0.28Co0.18,0.99,
0.18,0.26,0.56,Zr0.56V0.26Co0.18,0.99,
0.18,0.24,0.58,Zr0.58V0.24Co0.18,0.995,
0.18,0.22,0.6,Zr0.6V0.22Co0.18,0.995,
0.18,0.2,0.62,Zr0.62V0.2Co0.18,1,
0.18,0.18,0.64,Zr0.64V0.18Co0.18,1,
0.18,0.16,0.66,Zr0.66V0.16Co0.18,0.995,
0.18,0.14,0.68,Zr0.68V0.14Co0.18,1,
0.18,0.12,0.7,Zr0.7V0.12Co0.18,1,
0.18,0.1,0.72,Zr0.72V0.1Co0.18,0.995,
0.18,0.08,0.74,Zr0.74V0.08Co0.18,1,
0.18,0.06,0.76,Zr0.76V0.06Co0.18,0.985,
0.18,0.04,0.78,Zr0.78V0.04Co0.18,0.99,
0.18,0.02,0.8,Zr0.8V0.02Co0.18,0.98,
0.16,0.82,0.02,Zr0.02V0.82Co0.16,0.82,
0.16,0.8,0.04,Zr0.04V0.8Co0.16,0.845,
0.16,0.78,0.06,Zr0.06V0.78Co0.16,0.855,
0.16,0.76,0.08,Zr0.08V0.76Co0.16,0.855,
0.16,0.74,0.1,Zr0.1V0.74Co0.16,0.855,
0.16,0.72,0.12,Zr0.12V0.72Co0.16,0.87,
0.16,0.7,0.14,Zr0.14V0.7Co0.16,0.875,
0.16,0.68,0.16,Zr0.16V0.68Co0.16,0.89,
0.16,0.66,0.18,Zr0.18V0.66Co0.16,0.9,
0.16,0.64,0.2,Zr0.2V0.64Co0.16,0.9,
0.16,0.62,0.22,Zr0.22V0.62Co0.16,0.9,
0.16,0.6,0.24,Zr0.24V0.6Co0.16,0.905,
0.16,0.58,0.26,Zr0.26V0.58Co0.16,0.905,
0.16,0.56,0.28,Zr0.28V0.56Co0.16,0.91,
0.16,0.54,0.3,Zr0.3V0.54Co0.16,0.91,
0.16,0.52,0.32,Zr0.32V0.52Co0.16,0.92,
0.16,0.5,0.34,Zr0.34V0.5Co0.16,0.915,
0.16,0.48,0.36,Zr0.36V0.48Co0.16,0.915,
0.16,0.46,0.38,Zr0.38V0.46Co0.16,0.915,
0.16,0.44,0.4,Zr0.4V0.44Co0.16,0.915,
0.16,0.42,0.42,Zr0.42V0.42Co0.16,0.96,
0.16,0.4,0.44,Zr0.44V0.4Co0.16,0.99,
0.16,0.38,0.46,Zr0.46V0.38Co0.16,0.99,
0.16,0.36,0.48,Zr0.48V0.36Co0.16,0.99,
0.16,0.34,0.5,Zr0.5V0.34Co0.16,0.99,
0.16,0.32,0.52,Zr0.52V0.32Co0.16,0.99,
0.16,0.3,0.54,Zr0.54V0.3Co0.16,0.985,
0.16,0.28,0.56,Zr0.56V0.28Co0.16,0.985,
0.16,0.26,0.58,Zr0.58V0.26Co0.16,0.99,
0.16,0.24,0.6,Zr0.6V0.24Co0.16,0.99,
0.16,0.22,0.62,Zr0.62V0.22Co0.16,0.995,
0.16,0.2,0.64,Zr0.64V0.2Co0.16,0.995,
0.16,0.18,0.66,Zr0.66V0.18Co0.16,0.995,
0.16,0.16,0.68,Zr0.68V0.16Co0.16,0.99,
0.16,0.14,0.7,Zr0.7V0.14Co0.16,0.99,
0.16,0.12,0.72,Zr0.72V0.12Co0.16,0.98,
0.16,0.1,0.74,Zr0.74V0.1Co0.16,0.985,
0.16,0.08,0.76,Zr0.76V0.08Co0.16,0.975,
0.16,0.06,0.78,Zr0.78V0.06Co0.16,0.98,
0.16,0.04,0.8,Zr0.8V0.04Co0.16,0.98,
0.16,0.02,0.82,Zr0.82V0.02Co0.16,0.975,
0.14,0.84,0.02,Zr0.02V0.84Co0.14,0.81,
0.14,0.82,0.04,Zr0.04V0.82Co0.14,0.815,
0.14,0.8,0.06,Zr0.06V0.8Co0.14,0.84,
0.14,0.78,0.08,Zr0.08V0.78Co0.14,0.87,
0.14,0.76,0.1,Zr0.1V0.76Co0.14,0.85,
0.14,0.74,0.12,Zr0.12V0.74Co0.14,0.87,
0.14,0.72,0.14,Zr0.14V0.72Co0.14,0.875,
0.14,0.7,0.16,Zr0.16V0.7Co0.14,0.885,
0.14,0.68,0.18,Zr0.18V0.68Co0.14,0.9,
0.14,0.66,0.2,Zr0.2V0.66Co0.14,0.885,
0.14,0.64,0.22,Zr0.22V0.64Co0.14,0.895,
0.14,0.62,0.24,Zr0.24V0.62Co0.14,0.895,
0.14,0.6,0.26,Zr0.26V0.6Co0.14,0.9,
0.14,0.58,0.28,Zr0.28V0.58Co0.14,0.9,
0.14,0.56,0.3,Zr0.3V0.56Co0.14,0.905,
0.14,0.54,0.32,Zr0.32V0.54Co0.14,0.91,
0.14,0.52,0.34,Zr0.34V0.52Co0.14,0.905,
0.14,0.5,0.36,Zr0.36V0.5Co0.14,0.91,
0.14,0.48,0.38,Zr0.38V0.48Co0.14,0.91,
0.14,0.46,0.4,Zr0.4V0.46Co0.14,0.91,
0.14,0.44,0.42,Zr0.42V0.44Co0.14,0.91,
0.14,0.42,0.44,Zr0.44V0.42Co0.14,0.99,
0.14,0.4,0.46,Zr0.46V0.4Co0.14,0.99,
0.14,0.38,0.48,Zr0.48V0.38Co0.14,0.99,
0.14,0.36,0.5,Zr0.5V0.36Co0.14,0.99,
0.14,0.34,0.52,Zr0.52V0.34Co0.14,0.985,
0.14,0.32,0.54,Zr0.54V0.32Co0.14,0.985,
0.14,0.3,0.56,Zr0.56V0.3Co0.14,0.985,
0.14,0.28,0.58,Zr0.58V0.28Co0.14,0.99,
0.14,0.26,0.6,Zr0.6V0.26Co0.14,0.985,
0.14,0.24,0.62,Zr0.62V0.24Co0.14,0.99,
0.14,0.22,0.64,Zr0.64V0.22Co0.14,0.99,
0.14,0.2,0.66,Zr0.66V0.2Co0.14,0.985,
0.14,0.18,0.68,Zr0.68V0.18Co0.14,0.985,
0.14,0.16,0.7,Zr0.7V0.16Co0.14,0.985,
0.14,0.14,0.72,Zr0.72V0.14Co0.14,0.985,
0.14,0.12,0.74,Zr0.74V0.12Co0.14,0.975,
0.14,0.1,0.76,Zr0.76V0.1Co0.14,0.97,
0.14,0.08,0.78,Zr0.78V0.08Co0.14,0.975,
0.14,0.06,0.8,Zr0.8V0.06Co0.14,0.965,
0.14,0.04,0.82,Zr0.82V0.04Co0.14,0.96,
0.14,0.02,0.84,Zr0.84V0.02Co0.14,0.96,
0.12,0.86,0.02,Zr0.02V0.86Co0.12,0.8,
0.12,0.84,0.04,Zr0.04V0.84Co0.12,0.805,
0.12,0.82,0.06,Zr0.06V0.82Co0.12,0.84,
0.12,0.8,0.08,Zr0.08V0.8Co0.12,0.875,
0.12,0.78,0.1,Zr0.1V0.78Co0.12,0.865,
0.12,0.76,0.12,Zr0.12V0.76Co0.12,0.88,
0.12,0.74,0.14,Zr0.14V0.74Co0.12,0.885,
0.12,0.72,0.16,Zr0.16V0.72Co0.12,0.89,
0.12,0.7,0.18,Zr0.18V0.7Co0.12,0.905,
0.12,0.68,0.2,Zr0.2V0.68Co0.12,0.895,
0.12,0.66,0.22,Zr0.22V0.66Co0.12,0.895,
0.12,0.64,0.24,Zr0.24V0.64Co0.12,0.89,
0.12,0.62,0.26,Zr0.26V0.62Co0.12,0.88,
0.12,0.6,0.28,Zr0.28V0.6Co0.12,0.89,
0.12,0.58,0.3,Zr0.3V0.58Co0.12,0.9,
0.12,0.56,0.32,Zr0.32V0.56Co0.12,0.9,
0.12,0.54,0.34,Zr0.34V0.54Co0.12,0.9,
0.12,0.52,0.36,Zr0.36V0.52Co0.12,0.9,
0.12,0.5,0.38,Zr0.38V0.5Co0.12,0.9,
0.12,0.48,0.4,Zr0.4V0.48Co0.12,0.9,
0.12,0.46,0.42,Zr0.42V0.46Co0.12,0.9,
0.12,0.44,0.44,Zr0.44V0.44Co0.12,0.955,
0.12,0.42,0.46,Zr0.46V0.42Co0.12,0.98,
0.12,0.4,0.48,Zr0.48V0.4Co0.12,0.98,
0.12,0.38,0.5,Zr0.5V0.38Co0.12,0.98,
0.12,0.36,0.52,Zr0.52V0.36Co0.12,0.975,
0.12,0.34,0.54,Zr0.54V0.34Co0.12,0.975,
0.12,0.32,0.56,Zr0.56V0.32Co0.12,0.975,
0.12,0.3,0.58,Zr0.58V0.3Co0.12,0.98,
0.12,0.28,0.6,Zr0.6V0.28Co0.12,0.98,
0.12,0.26,0.62,Zr0.62V0.26Co0.12,0.985,
0.12,0.24,0.64,Zr0.64V0.24Co0.12,0.99,
0.12,0.22,0.66,Zr0.66V0.22Co0.12,0.985,
0.12,0.2,0.68,Zr0.68V0.2Co0.12,0.985,
0.12,0.18,0.7,Zr0.7V0.18Co0.12,0.985,
0.12,0.16,0.72,Zr0.72V0.16Co0.12,0.98,
0.12,0.14,0.74,Zr0.74V0.14Co0.12,0.98,
0.12,0.12,0.76,Zr0.76V0.12Co0.12,0.965,
0.12,0.1,0.78,Zr0.78V0.1Co0.12,0.97,
0.12,0.08,0.8,Zr0.8V0.08Co0.12,0.955,
0.12,0.06,0.82,Zr0.82V0.06Co0.12,0.965,
0.12,0.04,0.84,Zr0.84V0.04Co0.12,0.95,
0.12,0.02,0.86,Zr0.86V0.02Co0.12,0.93,
0.1,0.88,0.02,Zr0.02V0.88Co0.1,0.785,
0.1,0.86,0.04,Zr0.04V0.86Co0.1,0.8,
0.1,0.84,0.06,Zr0.06V0.84Co0.1,0.81,
0.1,0.82,0.08,Zr0.08V0.82Co0.1,0.865,
0.1,0.8,0.1,Zr0.1V0.8Co0.1,0.855,
0.1,0.78,0.12,Zr0.12V0.78Co0.1,0.87,
0.1,0.76,0.14,Zr0.14V0.76Co0.1,0.88,
0.1,0.74,0.16,Zr0.16V0.74Co0.1,0.885,
0.1,0.72,0.18,Zr0.18V0.72Co0.1,0.895,
0.1,0.7,0.2,Zr0.2V0.7Co0.1,0.89,
0.1,0.68,0.22,Zr0.22V0.68Co0.1,0.89,
0.1,0.66,0.24,Zr0.24V0.66Co0.1,0.88,
0.1,0.64,0.26,Zr0.26V0.64Co0.1,0.88,
0.1,0.62,0.28,Zr0.28V0.62Co0.1,0.875,
0.1,0.6,0.3,Zr0.3V0.6Co0.1,0.885,
0.1,0.58,0.32,Zr0.32V0.58Co0.1,0.89,
0.1,0.56,0.34,Zr0.34V0.56Co0.1,0.885,
0.1,0.54,0.36,Zr0.36V0.54Co0.1,0.885,
0.1,0.52,0.38,Zr0.38V0.52Co0.1,0.885,
0.1,0.5,0.4,Zr0.4V0.5Co0.1,0.885,
0.1,0.48,0.42,Zr0.42V0.48Co0.1,0.89,
0.1,0.46,0.44,Zr0.44V0.46Co0.1,0.885,
0.1,0.44,0.46,Zr0.46V0.44Co0.1,0.96,
0.1,0.42,0.48,Zr0.48V0.42Co0.1,0.96,
0.1,0.4,0.5,Zr0.5V0.4Co0.1,0.96,
0.1,0.38,0.52,Zr0.52V0.38Co0.1,0.97,
0.1,0.36,0.54,Zr0.54V0.36Co0.1,0.97,
0.1,0.34,0.56,Zr0.56V0.34Co0.1,0.97,
0.1,0.32,0.58,Zr0.58V0.32Co0.1,0.975,
0.1,0.3,0.6,Zr0.6V0.3Co0.1,0.975,
0.1,0.28,0.62,Zr0.62V0.28Co0.1,0.98,
0.1,0.26,0.64,Zr0.64V0.26Co0.1,0.975,
0.1,0.24,0.66,Zr0.66V0.24Co0.1,0.975,
0.1,0.22,0.68,Zr0.68V0.22Co0.1,0.97,
0.1,0.2,0.7,Zr0.7V0.2Co0.1,0.975,
0.1,0.18,0.72,Zr0.72V0.18Co0.1,0.975,
0.1,0.16,0.74,Zr0.74V0.16Co0.1,0.97,
0.1,0.14,0.76,Zr0.76V0.14Co0.1,0.965,
0.1,0.12,0.78,Zr0.78V0.12Co0.1,0.945,
0.1,0.1,0.8,Zr0.8V0.1Co0.1,0.94,
0.1,0.08,0.82,Zr0.82V0.08Co0.1,0.945,
0.1,0.06,0.84,Zr0.84V0.06Co0.1,0.94,
0.1,0.04,0.86,Zr0.86V0.04Co0.1,0.915,
0.1,0.02,0.88,Zr0.88V0.02Co0.1,0.885,
0.08,0.9,0.02,Zr0.02V0.9Co0.08,0.755,
0.08,0.88,0.04,Zr0.04V0.88Co0.08,0.785,
0.08,0.86,0.06,Zr0.06V0.86Co0.08,0.795,
0.08,0.84,0.08,Zr0.08V0.84Co0.08,0.85,
0.08,0.82,0.1,Zr0.1V0.82Co0.08,0.84,
0.08,0.8,0.12,Zr0.12V0.8Co0.08,0.855,
0.08,0.78,0.14,Zr0.14V0.78Co0.08,0.875,
0.08,0.76,0.16,Zr0.16V0.76Co0.08,0.875,
0.08,0.74,0.18,Zr0.18V0.74Co0.08,0.895,
0.08,0.72,0.2,Zr0.2V0.72Co0.08,0.88,
0.08,0.7,0.22,Zr0.22V0.7Co0.08,0.875,
0.08,0.68,0.24,Zr0.24V0.68Co0.08,0.88,
0.08,0.66,0.26,Zr0.26V0.66Co0.08,0.875,
0.08,0.64,0.28,Zr0.28V0.64Co0.08,0.87,
0.08,0.62,0.3,Zr0.3V0.62Co0.08,0.87,
0.08,0.6,0.32,Zr0.32V0.6Co0.08,0.88,
0.08,0.58,0.34,Zr0.34V0.58Co0.08,0.885,
0.08,0.56,0.36,Zr0.36V0.56Co0.08,0.875,
0.08,0.54,0.38,Zr0.38V0.54Co0.08,0.88,
0.08,0.52,0.4,Zr0.4V0.52Co0.08,0.885,
0.08,0.5,0.42,Zr0.42V0.5Co0.08,0.89,
0.08,0.48,0.44,Zr0.44V0.48Co0.08,0.89,
0.08,0.46,0.46,Zr0.46V0.46Co0.08,0.94,
0.08,0.44,0.48,Zr0.48V0.44Co0.08,0.955,
0.08,0.42,0.5,Zr0.5V0.42Co0.08,0.955,
0.08,0.4,0.52,Zr0.52V0.4Co0.08,0.955,
0.08,0.38,0.54,Zr0.54V0.38Co0.08,0.96,
0.08,0.36,0.56,Zr0.56V0.36Co0.08,0.965,
0.08,0.34,0.58,Zr0.58V0.34Co0.08,0.97,
0.08,0.32,0.6,Zr0.6V0.32Co0.08,0.975,
0.08,0.3,0.62,Zr0.62V0.3Co0.08,0.975,
0.08,0.28,0.64,Zr0.64V0.28Co0.08,0.965,
0.08,0.26,0.66,Zr0.66V0.26Co0.08,0.965,
0.08,0.24,0.68,Zr0.68V0.24Co0.08,0.965,
0.08,0.22,0.7,Zr0.7V0.22Co0.08,0.96,
0.08,0.2,0.72,Zr0.72V0.2Co0.08,0.96,
0.08,0.18,0.74,Zr0.74V0.18Co0.08,0.955,
0.08,0.16,0.76,Zr0.76V0.16Co0.08,0.945,
0.08,0.14,0.78,Zr0.78V0.14Co0.08,0.935,
0.08,0.12,0.8,Zr0.8V0.12Co0.08,0.925,
0.08,0.1,0.82,Zr0.82V0.1Co0.08,0.925,
0.08,0.08,0.84,Zr0.84V0.08Co0.08,0.935,
0.08,0.06,0.86,Zr0.86V0.06Co0.08,0.905,
0.08,0.04,0.88,Zr0.88V0.04Co0.08,0.855,
0.08,0.02,0.9,Zr0.9V0.02Co0.08,0.83,
0.06,0.92,0.02,Zr0.02V0.92Co0.06,0.71,
0.06,0.9,0.04,Zr0.04V0.9Co0.06,0.715,
0.06,0.88,0.06,Zr0.06V0.88Co0.06,0.74,
0.06,0.86,0.08,Zr0.08V0.86Co0.06,0.81,
0.06,0.84,0.1,Zr0.1V0.84Co0.06,0.855,
0.06,0.82,0.12,Zr0.12V0.82Co0.06,0.85,
0.06,0.8,0.14,Zr0.14V0.8Co0.06,0.855,
0.06,0.78,0.16,Zr0.16V0.78Co0.06,0.88,
0.06,0.76,0.18,Zr0.18V0.76Co0.06,0.88,
0.06,0.74,0.2,Zr0.2V0.74Co0.06,0.88,
0.06,0.72,0.22,Zr0.22V0.72Co0.06,0.87,
0.06,0.7,0.24,Zr0.24V0.7Co0.06,0.88,
0.06,0.68,0.26,Zr0.26V0.68Co0.06,0.89,
0.06,0.66,0.28,Zr0.28V0.66Co0.06,0.875,
0.06,0.64,0.3,Zr0.3V0.64Co0.06,0.875,
0.06,0.62,0.32,Zr0.32V0.62Co0.06,0.88,
0.06,0.6,0.34,Zr0.34V0.6Co0.06,0.89,
0.06,0.58,0.36,Zr0.36V0.58Co0.06,0.885,
0.06,0.56,0.38,Zr0.38V0.56Co0.06,0.885,
0.06,0.54,0.4,Zr0.4V0.54Co0.06,0.89,
0.06,0.52,0.42,Zr0.42V0.52Co0.06,0.89,
0.06,0.5,0.44,Zr0.44V0.5Co0.06,0.89,
0.06,0.48,0.46,Zr0.46V0.48Co0.06,0.89,
0.06,0.46,0.48,Zr0.48V0.46Co0.06,0.955,
0.06,0.44,0.5,Zr0.5V0.44Co0.06,0.955,
0.06,0.42,0.52,Zr0.52V0.42Co0.06,0.95,
0.06,0.4,0.54,Zr0.54V0.4Co0.06,0.95,
0.06,0.38,0.56,Zr0.56V0.38Co0.06,0.95,
0.06,0.36,0.58,Zr0.58V0.36Co0.06,0.955,
0.06,0.34,0.6,Zr0.6V0.34Co0.06,0.96,
0.06,0.32,0.62,Zr0.62V0.32Co0.06,0.955,
0.06,0.3,0.64,Zr0.64V0.3Co0.06,0.945,
0.06,0.28,0.66,Zr0.66V0.28Co0.06,0.945,
0.06,0.26,0.68,Zr0.68V0.26Co0.06,0.945,
0.06,0.24,0.7,Zr0.7V0.24Co0.06,0.94,
0.06,0.22,0.72,Zr0.72V0.22Co0.06,0.93,
0.06,0.2,0.74,Zr0.74V0.2Co0.06,0.935,
0.06,0.18,0.76,Zr0.76V0.18Co0.06,0.94,
0.06,0.16,0.78,Zr0.78V0.16Co0.06,0.935,
0.06,0.14,0.8,Zr0.8V0.14Co0.06,0.93,
0.06,0.12,0.82,Zr0.82V0.12Co0.06,0.92,
0.06,0.1,0.84,Zr0.84V0.1Co0.06,0.915,
0.06,0.08,0.86,Zr0.86V0.08Co0.06,0.87,
0.06,0.06,0.88,Zr0.88V0.06Co0.06,0.845,
0.06,0.04,0.9,Zr0.9V0.04Co0.06,0.82,
0.06,0.02,0.92,Zr0.92V0.02Co0.06,0.795,
0.04,0.94,0.02,Zr0.02V0.94Co0.04,0.665,
0.04,0.92,0.04,Zr0.04V0.92Co0.04,0.7,
0.04,0.9,0.06,Zr0.06V0.9Co0.04,0.69,
0.04,0.88,0.08,Zr0.08V0.88Co0.04,0.755,
0.04,0.86,0.1,Zr0.1V0.86Co0.04,0.8,
0.04,0.84,0.12,Zr0.12V0.84Co0.04,0.83,
0.04,0.82,0.14,Zr0.14V0.82Co0.04,0.825,
0.04,0.8,0.16,Zr0.16V0.8Co0.04,0.855,
0.04,0.78,0.18,Zr0.18V0.78Co0.04,0.865,
0.04,0.76,0.2,Zr0.2V0.76Co0.04,0.87,
0.04,0.74,0.22,Zr0.22V0.74Co0.04,0.865,
0.04,0.72,0.24,Zr0.24V0.72Co0.04,0.865,
0.04,0.7,0.26,Zr0.26V0.7Co0.04,0.86,
0.04,0.68,0.28,Zr0.28V0.68Co0.04,0.87,
0.04,0.66,0.3,Zr0.3V0.66Co0.04,0.87,
0.04,0.64,0.32,Zr0.32V0.64Co0.04,0.87,
0.04,0.62,0.34,Zr0.34V0.62Co0.04,0.88,
0.04,0.6,0.36,Zr0.36V0.6Co0.04,0.885,
0.04,0.58,0.38,Zr0.38V0.58Co0.04,0.89,
0.04,0.56,0.4,Zr0.4V0.56Co0.04,0.89,
0.04,0.54,0.42,Zr0.42V0.54Co0.04,0.89,
0.04,0.52,0.44,Zr0.44V0.52Co0.04,0.89,
0.04,0.5,0.46,Zr0.46V0.5Co0.04,0.89,
0.04,0.48,0.48,Zr0.48V0.48Co0.04,0.94,
0.04,0.46,0.5,Zr0.5V0.46Co0.04,0.95,
0.04,0.44,0.52,Zr0.52V0.44Co0.04,0.95,
0.04,0.42,0.54,Zr0.54V0.42Co0.04,0.945,
0.04,0.4,0.56,Zr0.56V0.4Co0.04,0.945,
0.04,0.38,0.58,Zr0.58V0.38Co0.04,0.95,
0.04,0.36,0.6,Zr0.6V0.36Co0.04,0.95,
0.04,0.34,0.62,Zr0.62V0.34Co0.04,0.95,
0.04,0.32,0.64,Zr0.64V0.32Co0.04,0.945,
0.04,0.3,0.66,Zr0.66V0.3Co0.04,0.95,
0.04,0.28,0.68,Zr0.68V0.28Co0.04,0.935,
0.04,0.26,0.7,Zr0.7V0.26Co0.04,0.93,
0.04,0.24,0.72,Zr0.72V0.24Co0.04,0.925,
0.04,0.22,0.74,Zr0.74V0.22Co0.04,0.93,
0.04,0.2,0.76,Zr0.76V0.2Co0.04,0.93,
0.04,0.18,0.78,Zr0.78V0.18Co0.04,0.92,
0.04,0.16,0.8,Zr0.8V0.16Co0.04,0.905,
0.04,0.14,0.82,Zr0.82V0.14Co0.04,0.9,
0.04,0.12,0.84,Zr0.84V0.12Co0.04,0.87,
0.04,0.1,0.86,Zr0.86V0.1Co0.04,0.825,
0.04,0.08,0.88,Zr0.88V0.08Co0.04,0.795,
0.04,0.06,0.9,Zr0.9V0.06Co0.04,0.785,
0.04,0.04,0.92,Zr0.92V0.04Co0.04,0.75,
0.04,0.02,0.94,Zr0.94V0.02Co0.04,0.715,
0.02,0.96,0.02,Zr0.02V0.96Co0.02,0.62,
0.02,0.94,0.04,Zr0.04V0.94Co0.02,0.645,
0.02,0.92,0.06,Zr0.06V0.92Co0.02,0.67,
0.02,0.9,0.08,Zr0.08V0.9Co0.02,0.72,
0.02,0.88,0.1,Zr0.1V0.88Co0.02,0.765,
0.02,0.86,0.12,Zr0.12V0.86Co0.02,0.79,
0.02,0.84,0.14,Zr0.14V0.84Co0.02,0.82,
0.02,0.82,0.16,Zr0.16V0.82Co0.02,0.835,
0.02,0.8,0.18,Zr0.18V0.8Co0.02,0.835,
0.02,0.78,0.2,Zr0.2V0.78Co0.02,0.855,
0.02,0.76,0.22,Zr0.22V0.76Co0.02,0.84,
0.02,0.74,0.24,Zr0.24V0.74Co0.02,0.845,
0.02,0.72,0.26,Zr0.26V0.72Co0.02,0.855,
0.02,0.7,0.28,Zr0.28V0.7Co0.02,0.855,
0.02,0.68,0.3,Zr0.3V0.68Co0.02,0.855,
0.02,0.66,0.32,Zr0.32V0.66Co0.02,0.845,
0.02,0.64,0.34,Zr0.34V0.64Co0.02,0.855,
0.02,0.62,0.36,Zr0.36V0.62Co0.02,0.86,
0.02,0.6,0.38,Zr0.38V0.6Co0.02,0.86,
0.02,0.58,0.4,Zr0.4V0.58Co0.02,0.87,
0.02,0.56,0.42,Zr0.42V0.56Co0.02,0.875,
0.02,0.54,0.44,Zr0.44V0.54Co0.02,0.87,
0.02,0.52,0.46,Zr0.46V0.52Co0.02,0.865,
0.02,0.5,0.48,Zr0.48V0.5Co0.02,0.865,
0.02,0.48,0.5,Zr0.5V0.48Co0.02,0.92,
0.02,0.46,0.52,Zr0.52V0.46Co0.02,0.92,
0.02,0.44,0.54,Zr0.54V0.44Co0.02,0.92,
0.02,0.42,0.56,Zr0.56V0.42Co0.02,0.925,
0.02,0.4,0.58,Zr0.58V0.4Co0.02,0.925,
0.02,0.38,0.6,Zr0.6V0.38Co0.02,0.925,
0.02,0.36,0.62,Zr0.62V0.36Co0.02,0.925,
0.02,0.34,0.64,Zr0.64V0.34Co0.02,0.925,
0.02,0.32,0.66,Zr0.66V0.32Co0.02,0.925,
0.02,0.3,0.68,Zr0.68V0.3Co0.02,0.91,
0.02,0.28,0.7,Zr0.7V0.28Co0.02,0.915,
0.02,0.26,0.72,Zr0.72V0.26Co0.02,0.905,
0.02,0.24,0.74,Zr0.74V0.24Co0.02,0.895,
0.02,0.22,0.76,Zr0.76V0.22Co0.02,0.885,
0.02,0.2,0.78,Zr0.78V0.2Co0.02,0.87,
0.02,0.18,0.8,Zr0.8V0.18Co0.02,0.87,
0.02,0.16,0.82,Zr0.82V0.16Co0.02,0.85,
0.02,0.14,0.84,Zr0.84V0.14Co0.02,0.845,
0.02,0.12,0.86,Zr0.86V0.12Co0.02,0.81,
0.02,0.1,0.88,Zr0.88V0.1Co0.02,0.75,
0.02,0.08,0.9,Zr0.9V0.08Co0.02,0.74,
0.02,0.06,0.92,Zr0.92V0.06Co0.02,0.695,
0.02,0.04,0.94,Zr0.94V0.04Co0.02,0.64,
0.02,0.02,0.96,Zr0.96V0.02Co0.02,0.595,
