composition,probability,measured,X_Fe,X_Ti,X_Nb
Nb0.02Fe0.98,0.59,,0.98,0,0.02
Ti0.02Fe0.98,0.39,,0.98,0.02,0
Ti0.02Nb0.98,0.405,,0,0.02,0.98
Nb0.04Fe0.96,0.625,,0.96,0,0.04
Ti0.04Fe0.96,0.435,,0.96,0.04,0
Ti0.04Nb0.96,0.415,,0,0.04,0.96
Nb0.06Fe0.94,0.67,,0.94,0,0.06
Ti0.06Fe0.94,0.445,,0.94,0.06,0
Ti0.06Nb0.94,0.415,,0,0.06,0.94
Nb0.08Fe0.92,0.69,,0.92,0,0.08
Ti0.08Fe0.92,0.485,,0.92,0.08,0
Ti0.08Nb0.92,0.45,,0,0.08,0.92
Nb0.1Fe0.9,0.765,,0.9,0,0.1
Ti0.1Fe0.9,0.505,,0.9,0.1,0
Ti0.1Nb0.9,0.46,,0,0.1,0.9
Nb0.12Fe0.88,0.765,,0.88,0,0.12
Ti0.12Fe0.88,0.49,,0.88,0.12,0
Ti0.12Nb0.88,0.505,,0,0.12,0.88
Nb0.14Fe0.86,0.77,,0.86,0,0.14
Ti0.14Fe0.86,0.46,,0.86,0.14,0
Ti0.14Nb0.86,0.575,,0,0.14,0.86
Nb0.16Fe0.84,0.785,,0.84,0,0.16
Ti0.16Fe0.84,0.455,,0.84,0.16,0
Ti0.16Nb0.84,0.595,,0,0.16,0.84
Nb0.18Fe0.82,0.745,,0.82,0,0.18
Ti0.18Fe0.82,0.465,,0.82,0.18,0
Ti0.18Nb0.82,0.6,,0,0.18,0.82
Nb0.2Fe0.8,0.785,,0.8,0,0.2
Ti0.2Fe0.8,0.465,,0.8,0.2,0
Ti0.2Nb0.8,0.6,,0,0.2,0.8
Nb0.22Fe0.78,0.77,,0.78,0,0.22
Ti0.22Fe0.78,0.47,,0.78,0.22,0
Ti0.22Nb0.78,0.605,,0,0.22,0.78
Nb0.24Fe0.76,0.76,,0.76,0,0.24
Ti0.24Fe0.76,0.485,,0.76,0.24,0
Ti0.24Nb0.76,0.61,,0,0.24,0.76
Nb0.26Fe0.74,0.775,,0.74,0,0.26
Ti0.26Fe0.74,0.505,,0.74,0.26,0
Ti0.26Nb0.74,0.615,,0,0.26,0.74
Nb0.28Fe0.72,0.785,,0.72,0,0.28
Ti0.28Fe0.72,0.525,,0.72,0.28,0
Ti0.28Nb0.72,0.61,,0,0.28,0.72
Nb0.3Fe0.7,0.785,,0.7,0,0.3
Ti0.3Fe0.7,0.56,,0.7,0.3,0
Ti0.3Nb0.7,0.605,,0,0.3,0.7
Nb0.32Fe0.68,0.795,,0.68,0,0.32
Ti0.32Fe0.68,0.555,,0.68,0.32,0
Ti0.32Nb0.68,0.625,,0,0.32,0.68
Nb0.34Fe0.66,0.79,,0.66,0,0.34
Ti0.34Fe0.66,0.565,,0.66,0.34,0
Ti0.34Nb0.66,0.615,,0,0.34,0.66
Nb0.36Fe0.64,0.795,,0.64,0,0.36
Ti0.36Fe0.64,0.575,,0.64,0.36,0
Ti0.36Nb0.64,0.62,,0,0.36,0.64
Nb0.38Fe0.62,0.81,,0.62,0,0.38
Ti0.38Fe0.62,0.595,,0.62,0.38,0
Ti0.38Nb0.62,0.635,,0,0.38,0.62
Nb0.4Fe0.6,0.81,,0.6,0,0.4
Ti0.4Fe0.6,0.595,,0.6,0.4,0
Ti0.4Nb0.6,0.64,,0,0.4,0.6
Nb0.42Fe0.58,0.815,,0.58,0,0.42
Ti0.42Fe0.58,0.6,,0.58,0.42,0
Ti0.42Nb0.58,0.64,,0,0.42,0.58
Nb0.44Fe0.56,0.825,,0.56,0,0.44
Ti0.44Fe0.56,0.585,,0.56,0.44,0
Ti0.44Nb0.56,0.63,,0,0.44,0.56
Nb0.46Fe0.54,0.825,,0.54,0,0.46
Ti0.46Fe0.54,0.58,,0.54,0.46,0
Ti0.46Nb0.54,0.625,,0,0.46,0.54
Nb0.48Fe0.52,0.825,,0.52,0,0.48
Ti0.48Fe0.52,0.575,,0.52,0.48,0
Ti0.48Nb0.52,0.625,,0,0.48,0.52
Nb0.5Fe0.5,0.835,,0.5,0,0.5
Ti0.5Fe0.5,0.585,,0.5,0.5,0
Ti0.5Nb0.5,0.62,,0,0.5,0.5
Nb0.52Fe0.48,0.83,,0.48,0,0.52
Ti0.52Fe0.48,0.665,,0.48,0.52,0
Ti0.52Nb0.48,0.545,,0,0.52,0.48
Nb0.54Fe0.46,0.83,,0.46,0,0.54
Ti0.54Fe0.46,0.67,,0.46,0.54,0
Ti0.54Nb0.46,0.545,,0,0.54,0.46
Nb0.56Fe0.44,0.84,,0.44,0,0.56
Ti0.56Fe0.44,0.665,,0.44,0.56,0
Ti0.56Nb0.44,0.55,,0,0.56,0.44
Nb0.58Fe0.42,0.835,,0.42,0,0.58
Ti0.58Fe0.42,0.64,,0.42,0.58,0
Ti0.58Nb0.42,0.55,,0,0.58,0.42
Nb0.6Fe0.4,0.83,,0.4,0,0.6
Ti0.6Fe0.4,0.615,,0.4,0.6,0
Ti0.6Nb0.4,0.55,,0,0.6,0.4
Nb0.62Fe0.38,0.82,,0.38,0,0.62
Ti0.62Fe0.38,0.585,,0.38,0.62,0
Ti0.62Nb0.38,0.555,,0,0.62,0.38
Nb0.64Fe0.36,0.815,,0.36,0,0.64
Ti0.64Fe0.36,0.57,,0.36,0.64,0
Ti0.64Nb0.36,0.54,,0,0.64,0.36
Nb0.66Fe0.34,0.82,,0.34,0,0.66
Ti0.66Fe0.34,0.55,,0.34,0.66,0
Ti0.66Nb0.34,0.545,,0,0.66,0.34
Nb0.68Fe0.32,0.825,,0.32,0,0.68
Ti0.68Fe0.32,0.525,,0.32,0.68,0
Ti0.68Nb0.32,0.555,,0,0.68,0.32
Nb0.7Fe0.3,0.8,,0.3,0,0.7
Ti0.7Fe0.3,0.485,,0.3,0.7,0
Ti0.7Nb0.3,0.535,,0,0.7,0.3
Nb0.72Fe0.28,0.805,,0.28,0,0.72
Ti0.72Fe0.28,0.48,,0.28,0.72,0
Ti0.72Nb0.28,0.535,,0,0.72,0.28
Nb0.74Fe0.26,0.775,,0.26,0,0.74
Ti0.74Fe0.26,0.455,,0.26,0.74,0
Ti0.74Nb0.26,0.525,,0,0.74,0.26
Nb0.76Fe0.24,0.765,,0.24,0,0.76
Ti0.76Fe0.24,0.395,,0.24,0.76,0
Ti0.76Nb0.24,0.525,,0,0.76,0.24
Nb0.78Fe0.22,0.77,,0.22,0,0.78
Ti0.78Fe0.22,0.355,,0.22,0.78,0
Ti0.78Nb0.22,0.505,,0,0.78,0.22
Nb0.8Fe0.2,0.77,,0.2,0,0.8
Ti0.8Fe0.2,0.33,,0.2,0.8,0
Ti0.8Nb0.2,0.475,,0,0.8,0.2
Nb0.82Fe0.18,0.72,,0.18,0,0.82
Ti0.82Fe0.18,0.295,,0.18,0.82,0
Ti0.82Nb0.18,0.465,,0,0.82,0.18
Nb0.84Fe0.16,0.73,,0.16,0,0.84
Ti0.84Fe0.16,0.275,,0.16,0.84,0
Ti0.84Nb0.16,0.455,,0,0.84,0.16
Nb0.86Fe0.14,0.685,,0.14,0,0.86
Ti0.86Fe0.14,0.27,,0.14,0.86,0
Ti0.86Nb0.14,0.43,,0,0.86,0.14
Nb0.88Fe0.12,0.665,,0.12,0,0.88
Ti0.88Fe0.12,0.26,,0.12,0.88,0
Ti0.88Nb0.12,0.35,,0,0.88,0.12
Nb0.9Fe0.1,0.67,,0.1,0,0.9
Ti0.9Fe0.1,0.285,,0.1,0.9,0
Ti0.9Nb0.1,0.285,,0,0.9,0.1
Nb0.92Fe0.08,0.605,,0.08,0,0.92
Ti0.92Fe0.08,0.275,,0.08,0.92,0
Ti0.92Nb0.08,0.28,,0,0.92,0.08
Nb0.94Fe0.06,0.585,,0.06,0,0.94
Ti0.94Fe0.06,0.255,,0.06,0.94,0
Ti0.94Nb0.06,0.225,,0,0.94,0.06
Nb0.96Fe0.04,0.56,,0.04,0,0.96
Ti0.96Fe0.04,0.245,,0.04,0.96,0
Ti0.96Nb0.04,0.225,,0,0.96,0.04
Nb0.98Fe0.02,0.515,,0.02,0,0.98
Ti0.98Fe0.02,0.225,,0.02,0.98,0
Ti0.98Nb0.02,0.22,,0,0.98,0.02
Ti0.02Nb0.02Fe0.96,0.595,,0.96,0.02,0.02
Ti0.02Nb0.04Fe0.94,0.635,,0.94,0.02,0.04
Ti0.04Nb0.02Fe0.94,0.62,,0.94,0.04,0.02
Ti0.02Nb0.06Fe0.92,0.665,,0.92,0.02,0.06
Ti0.04Nb0.04Fe0.92,0.66,,0.92,0.04,0.04
Ti0.06Nb0.02Fe0.92,0.665,,0.92,0.06,0.02
Ti0.02Nb0.08Fe0.9,0.7,,0.9,0.02,0.08
Ti0.04Nb0.06Fe0.9,0.715,,0.9,0.04,0.06
Ti0.06Nb0.04Fe0.9,0.7,,0.9,0.06,0.04
Ti0.08Nb0.02Fe0.9,0.685,,0.9,0.08,0.02
Ti0.02Nb0.1Fe0.88,0.785,,0.88,0.02,0.1
Ti0.04Nb0.08Fe0.88,0.755,,0.88,0.04,0.08
Ti0.06Nb0.06Fe0.88,0.735,,0.88,0.06,0.06
Ti0.08Nb0.04Fe0.88,0.73,,0.88,0.08,0.04
Ti0.1Nb0.02Fe0.88,0.715,,0.88,0.1,0.02
Ti0.02Nb0.12Fe0.86,0.755,,0.86,0.02,0.12
Ti0.04Nb0.1Fe0.86,0.785,,0.86,0.04,0.1
Ti0.06Nb0.08Fe0.86,0.76,,0.86,0.06,0.08
Ti0.08Nb0.06Fe0.86,0.74,,0.86,0.08,0.06
Ti0.1Nb0.04Fe0.86,0.715,,0.86,0.1,0.04
Ti0.12Nb0.02Fe0.86,0.7,,0.86,0.12,0.02
Ti0.02Nb0.14Fe0.84,0.77,,0.84,0.02,0.14
Ti0.04Nb0.12Fe0.84,0.785,,0.84,0.04,0.12
Ti0.06Nb0.1Fe0.84,0.805,,0.84,0.06,0.1
Ti0.08Nb0.08Fe0.84,0.76,,0.84,0.08,0.08
Ti0.1Nb0.06Fe0.84,0.74,,0.84,0.1,0.06
Ti0.12Nb0.04Fe0.84,0.715,,0.84,0.12,0.04
Ti0.14Nb0.02Fe0.84,0.695,,0.84,0.14,0.02
Ti0.02Nb0.16Fe0.82,0.77,,0.82,0.02,0.16
Ti0.04Nb0.14Fe0.82,0.78,,0.82,0.04,0.14
Ti0.06Nb0.12Fe0.82,0.795,,0.82,0.06,0.12
Ti0.08Nb0.1Fe0.82,0.8,,0.82,0.08,0.1
Ti0.1Nb0.08Fe0.82,0.755,,0.82,0.1,0.08
Ti0.12Nb0.06Fe0.82,0.73,,0.82,0.12,0.06
Ti0.14Nb0.04Fe0.82,0.71,,0.82,0.14,0.04
Ti0.16Nb0.02Fe0.82,0.71,,0.82,0.16,0.02
Ti0.02Nb0.18Fe0.8,0.78,,0.8,0.02,0.18
Ti0.04Nb0.16Fe0.8,0.78,,0.8,0.04,0.16
Ti0.06Nb0.14Fe0.8,0.78,,0.8,0.06,0.14
Ti0.08Nb0.12Fe0.8,0.785,,0.8,0.08,0.12
Ti0.1Nb0.1Fe0.8,0.81,,0.8,0.1,0.1
Ti0.12Nb0.08Fe0.8,0.75,,0.8,0.12,0.08
Ti0.14Nb0.06Fe0.8,0.72,,0.8,0.14,0.06
Ti0.16Nb0.04Fe0.8,0.735,,0.8,0.16,0.04
Ti0.18Nb0.02Fe0.8,0.725,,0.8,0.18,0.02
Ti0.02Nb0.2Fe0.78,0.765,,0.78,0.02,0.2
Ti0.04Nb0.18Fe0.78,0.77,,0.78,0.04,0.18
Ti0.06Nb0.16Fe0.78,0.77,,0.78,0.06,0.16
Ti0.08Nb0.14Fe0.78,0.765,,0.78,0.08,0.14
Ti0.1Nb0.12Fe0.78,0.79,,0.78,0.1,0.12
Ti0.12Nb0.1Fe0.78,0.795,,0.78,0.12,0.1
Ti0.14Nb0.08Fe0.78,0.77,,0.78,0.14,0.08
Ti0.16Nb0.06Fe0.78,0.76,,0.78,0.16,0.06
Ti0.18Nb0.04Fe0.78,0.735,,0.78,0.18,0.04
Ti0.2Nb0.02Fe0.78,0.72,,0.78,0.2,0.02
Ti0.02Nb0.22Fe0.76,0.76,,0.76,0.02,0.22
Ti0.04Nb0.2Fe0.76,0.765,,0.76,0.04,0.2
Ti0.06Nb0.18Fe0.76,0.75,,0.76,0.06,0.18
Ti0.08Nb0.16Fe0.76,0.745,,0.76,0.08,0.16
Ti0.1Nb0.14Fe0.76,0.77,,0.76,0.1,0.14
Ti0.12Nb0.12Fe0.76,0.785,,0.76,0.12,0.12
Ti0.14Nb0.1Fe0.76,0.78,,0.76,0.14,0.1
Ti0.16Nb0.08Fe0.76,0.77,,0.76,0.16,0.08
Ti0.18Nb0.06Fe0.76,0.74,,0.76,0.18,0.06
Ti0.2Nb0.04Fe0.76,0.72,,0.76,0.2,0.04
Ti0.22Nb0.02Fe0.76,0.72,,0.76,0.22,0.02
Ti0.02Nb0.24Fe0.74,0.765,,0.74,0.02,0.24
Ti0.04Nb0.22Fe0.74,0.765,,0.74,0.04,0.22
Ti0.06Nb0.2Fe0.74,0.77,,0.74,0.06,0.2
Ti0.08Nb0.18Fe0.74,0.77,,0.74,0.08,0.18
Ti0.1Nb0.16Fe0.74,0.785,,0.74,0.1,0.16
Ti0.12Nb0.14Fe0.74,0.775,,0.74,0.12,0.14
Ti0.14Nb0.12Fe0.74,0.76,,0.74,0.14,0.12
Ti0.16Nb0.1Fe0.74,0.79,,0.74,0.16,0.1
Ti0.18Nb0.08Fe0.74,0.77,,0.74,0.18,0.08
Ti0.2Nb0.06Fe0.74,0.745,,0.74,0.2,0.06
Ti0.22Nb0.04Fe0.74,0.715,,0.74,0.22,0.04
Ti0.24Nb0.02Fe0.74,0.695,,0.74,0.24,0.02
Ti0.02Nb0.26Fe0.72,0.77,,0.72,0.02,0.26
Ti0.04Nb0.24Fe0.72,0.76,,0.72,0.04,0.24
Ti0.06Nb0.22Fe0.72,0.76,,0.72,0.06,0.22
Ti0.08Nb0.2Fe0.72,0.765,,0.72,0.08,0.2
Ti0.1Nb0.18Fe0.72,0.77,,0.72,0.1,0.18
Ti0.12Nb0.16Fe0.72,0.765,,0.72,0.12,0.16
Ti0.14Nb0.14Fe0.72,0.755,,0.72,0.14,0.14
Ti0.16Nb0.12Fe0.72,0.755,,0.72,0.16,0.12
Ti0.18Nb0.1Fe0.72,0.78,,0.72,0.18,0.1
Ti0.2Nb0.08Fe0.72,0.765,,0.72,0.2,0.08
Ti0.22Nb0.06Fe0.72,0.735,,0.72,0.22,0.06
Ti0.24Nb0.04Fe0.72,0.7,,0.72,0.24,0.04
Ti0.26Nb0.02Fe0.72,0.695,,0.72,0.26,0.02
Ti0.02Nb0.28Fe0.7,0.77,,0.7,0.02,0.28
Ti0.04Nb0.26Fe0.7,0.77,,0.7,0.04,0.26
Ti0.06Nb0.24Fe0.7,0.77,,0.7,0.06,0.24
Ti0.08Nb0.22Fe0.7,0.77,,0.7,0.08,0.22
Ti0.1Nb0.2Fe0.7,0.775,,0.7,0.1,0.2
Ti0.12Nb0.18Fe0.7,0.77,,0.7,0.12,0.18
Ti0.14Nb0.16Fe0.7,0.755,,0.7,0.14,0.16
Ti0.16Nb0.14Fe0.7,0.75,,0.7,0.16,0.14
Ti0.18Nb0.12Fe0.7,0.75,,0.7,0.18,0.12
Ti0.2Nb0.1Fe0.7,0.775,,0.7,0.2,0.1
Ti0.22Nb0.08Fe0.7,0.76,,0.7,0.22,0.08
Ti0.24Nb0.06Fe0.7,0.745,,0.7,0.24,0.06
Ti0.26Nb0.04Fe0.7,0.73,,0.7,0.26,0.04
Ti0.28Nb0.02Fe0.7,0.73,,0.7,0.28,0.02
Ti0.02Nb0.3Fe0.68,0.765,,0.68,0.02,0.3
Ti0.04Nb0.28Fe0.68,0.77,,0.68,0.04,0.28
Ti0.06Nb0.26Fe0.68,0.77,,0.68,0.06,0.26
Ti0.08Nb0.24Fe0.68,0.765,,0.68,0.08,0.24
Ti0.1Nb0.22Fe0.68,0.775,,0.68,0.1,0.22
Ti0.12Nb0.2Fe0.68,0.775,,0.68,0.12,0.2
Ti0.14Nb0.18Fe0.68,0.76,,0.68,0.14,0.18
Ti0.16Nb0.16Fe0.68,0.745,,0.68,0.16,0.16
Ti0.18Nb0.14Fe0.68,0.745,,0.68,0.18,0.14
Ti0.2Nb0.12Fe0.68,0.755,,0.68,0.2,0.12
Ti0.22Nb0.1Fe0.68,0.785,,0.68,0.22,0.1
Ti0.24Nb0.08Fe0.68,0.79,,0.68,0.24,0.08
Ti0.26Nb0.06Fe0.68,0.76,,0.68,0.26,0.06
Ti0.28Nb0.04Fe0.68,0.745,,0.68,0.28,0.04
Ti0.3Nb0.02Fe0.68,0.745,,0.68,0.3,0.02
Ti0.02Nb0.32Fe0.66,0.79,,0.66,0.02,0.32
Ti0.04Nb0.3Fe0.66,0.775,,0.66,0.04,0.3
Ti0.06Nb0.28Fe0.66,0.775,,0.66,0.06,0.28
Ti0.08Nb0.26Fe0.66,0.77,,0.66,0.08,0.26
Ti0.1Nb0.24Fe0.66,0.77,,0.66,0.1,0.24
Ti0.12Nb0.22Fe0.66,0.775,,0.66,0.12,0.22
Ti0.14Nb0.2Fe0.66,0.76,,0.66,0.14,0.2
Ti0.16Nb0.18Fe0.66,0.76,,0.66,0.16,0.18
Ti0.18Nb0.16Fe0.66,0.755,,0.66,0.18,0.16
Ti0.2Nb0.14Fe0.66,0.765,,0.66,0.2,0.14
Ti0.22Nb0.12Fe0.66,0.79,,0.66,0.22,0.12
Ti0.24Nb0.1Fe0.66,0.81,,0.66,0.24,0.1
Ti0.26Nb0.08Fe0.66,0.805,,0.66,0.26,0.08
Ti0.28Nb0.06Fe0.66,0.775,,0.66,0.28,0.06
Ti0.3Nb0.04Fe0.66,0.77,,0.66,0.3,0.04
Ti0.32Nb0.02Fe0.66,0.75,,0.66,0.32,0.02
Ti0.02Nb0.34Fe0.64,0.795,,0.64,0.02,0.34
Ti0.04Nb0.32Fe0.64,0.795,,0.64,0.04,0.32
Ti0.06Nb0.3Fe0.64,0.775,,0.64,0.06,0.3
Ti0.08Nb0.28Fe0.64,0.775,,0.64,0.08,0.28
Ti0.1Nb0.26Fe0.64,0.775,,0.64,0.1,0.26
Ti0.12Nb0.24Fe0.64,0.76,,0.64,0.12,0.24
Ti0.14Nb0.22Fe0.64,0.76,,0.64,0.14,0.22
Ti0.16Nb0.2Fe0.64,0.77,,0.64,0.16,0.2
Ti0.18Nb0.18Fe0.64,0.775,,0.64,0.18,0.18
Ti0.2Nb0.16Fe0.64,0.79,,0.64,0.2,0.16
Ti0.22Nb0.14Fe0.64,0.8,,0.64,0.22,0.14
Ti0.24Nb0.12Fe0.64,0.785,,0.64,0.24,0.12
Ti0.26Nb0.1Fe0.64,0.795,,0.64,0.26,0.1
Ti0.28Nb0.08Fe0.64,0.795,,0.64,0.28,0.08
Ti0.3Nb0.06Fe0.64,0.77,,0.64,0.3,0.06
Ti0.32Nb0.04Fe0.64,0.755,,0.64,0.32,0.04
Ti0.34Nb0.02Fe0.64,0.745,,0.64,0.34,0.02
Ti0.02Nb0.36Fe0.62,0.8,,0.62,0.02,0.36
Ti0.04Nb0.34Fe0.62,0.805,,0.62,0.04,0.34
Ti0.06Nb0.32Fe0.62,0.8,,0.62,0.06,0.32
Ti0.08Nb0.3Fe0.62,0.78,,0.62,0.08,0.3
Ti0.1Nb0.28Fe0.62,0.785,,0.62,0.1,0.28
Ti0.12Nb0.26Fe0.62,0.785,,0.62,0.12,0.26
Ti0.14Nb0.24Fe0.62,0.78,,0.62,0.14,0.24
Ti0.16Nb0.22Fe0.62,0.795,,0.62,0.16,0.22
Ti0.18Nb0.2Fe0.62,0.795,,0.62,0.18,0.2
Ti0.2Nb0.18Fe0.62,0.805,,0.62,0.2,0.18
Ti0.22Nb0.16Fe0.62,0.81,,0.62,0.22,0.16
Ti0.24Nb0.14Fe0.62,0.795,,0.62,0.24,0.14
Ti0.26Nb0.12Fe0.62,0.795,,0.62,0.26,0.12
Ti0.28Nb0.1Fe0.62,0.81,,0.62,0.28,0.1
Ti0.3Nb0.08Fe0.62,0.805,,0.62,0.3,0.08
Ti0.32Nb0.06Fe0.62,0.785,,0.62,0.32,0.06
Ti0.34Nb0.04Fe0.62,0.76,,0.62,0.34,0.04
Ti0.36Nb0.02Fe0.62,0.745,,0.62,0.36,0.02
Ti0.02Nb0.38Fe0.6,0.805,,0.6,0.02,0.38
Ti0.04Nb0.36Fe0.6,0.8,,0.6,0.04,0.36
Ti0.06Nb0.34Fe0.6,0.795,,0.6,0.06,0.34
Ti0.08Nb0.32Fe0.6,0.805,,0.6,0.08,0.32
Ti0.1Nb0.3Fe0.6,0.795,,0.6,0.1,0.3
Ti0.12Nb0.28Fe0.6,0.79,,0.6,0.12,0.28
Ti0.14Nb0.26Fe0.6,0.805,,0.6,0.14,0.26
Ti0.16Nb0.24Fe0.6,0.795,,0.6,0.16,0.24
Ti0.18Nb0.22Fe0.6,0.79,,0.6,0.18,0.22
Ti0.2Nb0.2Fe0.6,0.8,,0.6,0.2,0.2
Ti0.22Nb0.18Fe0.6,0.805,,0.6,0.22,0.18
Ti0.24Nb0.16Fe0.6,0.81,,0.6,0.24,0.16
Ti0.26Nb0.14Fe0.6,0.795,,0.6,0.26,0.14
Ti0.28Nb0.12Fe0.6,0.79,,0.6,0.28,0.12
Ti0.3Nb0.1Fe0.6,0.81,,0.6,0.3,0.1
Ti0.32Nb0.08Fe0.6,0.795,,0.6,0.32,0.08
Ti0.34Nb0.06Fe0.6,0.79,,0.6,0.34,0.06
Ti0.36Nb0.04Fe0.6,0.76,,0.6,0.36,0.04
Ti0.38Nb0.02Fe0.6,0.75,,0.6,0.38,0.02
Ti0.02Nb0.4Fe0.58,0.815,,0.58,0.02,0.4
Ti0.04Nb0.38Fe0.58,0.815,,0.58,0.04,0.38
Ti0.06Nb0.36Fe0.58,0.81,,0.58,0.06,0.36
Ti0.08Nb0.34Fe0.58,0.81,,0.58,0.08,0.34
Ti0.1Nb0.32Fe0.58,0.81,,0.58,0.1,0.32
Ti0.12Nb0.3Fe0.58,0.8,,0.58,0.12,0.3
Ti0.14Nb0.28Fe0.58,0.81,,0.58,0.14,0.28
Ti0.16Nb0.26Fe0.58,0.81,,0.58,0.16,0.26
Ti0.18Nb0.24Fe0.58,0.795,,0.58,0.18,0.24
Ti0.2Nb0.22Fe0.58,0.79,,0.58,0.2,0.22
Ti0.22Nb0.2Fe0.58,0.8,,0.58,0.22,0.2
Ti0.24Nb0.18Fe0.58,0.805,,0.58,0.24,0.18
Ti0.26Nb0.16Fe0.58,0.8,,0.58,0.26,0.16
Ti0.28Nb0.14Fe0.58,0.795,,0.58,0.28,0.14
Ti0.3Nb0.12Fe0.58,0.785,,0.58,0.3,0.12
Ti0.32Nb0.1Fe0.58,0.795,,0.58,0.32,0.1
Ti0.34Nb0.08Fe0.58,0.79,,0.58,0.34,0.08
Ti0.36Nb0.06Fe0.58,0.785,,0.58,0.36,0.06
Ti0.38Nb0.04Fe0.58,0.775,,0.58,0.38,0.04
Ti0.4Nb0.02Fe0.58,0.765,,0.58,0.4,0.02
Ti0.02Nb0.42Fe0.56,0.815,,0.56,0.02,0.42
Ti0.04Nb0.4Fe0.56,0.81,,0.56,0.04,0.4
Ti0.06Nb0.38Fe0.56,0.81,,0.56,0.06,0.38
Ti0.08Nb0.36Fe0.56,0.81,,0.56,0.08,0.36
Ti0.1Nb0.34Fe0.56,0.82,,0.56,0.1,0.34
Ti0.12Nb0.32Fe0.56,0.82,,0.56,0.12,0.32
Ti0.14Nb0.3Fe0.56,0.805,,0.56,0.14,0.3
Ti0.16Nb0.28Fe0.56,0.81,,0.56,0.16,0.28
Ti0.18Nb0.26Fe0.56,0.795,,0.56,0.18,0.26
Ti0.2Nb0.24Fe0.56,0.795,,0.56,0.2,0.24
Ti0.22Nb0.22Fe0.56,0.8,,0.56,0.22,0.22
Ti0.24Nb0.2Fe0.56,0.8,,0.56,0.24,0.2
Ti0.26Nb0.18Fe0.56,0.8,,0.56,0.26,0.18
Ti0.28Nb0.16Fe0.56,0.795,,0.56,0.28,0.16
Ti0.3Nb0.14Fe0.56,0.79,,0.56,0.3,0.14
Ti0.32Nb0.12Fe0.56,0.78,,0.56,0.32,0.12
Ti0.34Nb0.1Fe0.56,0.795,,0.56,0.34,0.1
Ti0.36Nb0.08Fe0.56,0.78,,0.56,0.36,0.08
Ti0.38Nb0.06Fe0.56,0.785,,0.56,0.38,0.06
Ti0.4Nb0.04Fe0.56,0.775,,0.56,0.4,0.04
Ti0.42Nb0.02Fe0.56,0.745,,0.56,0.42,0.02
Ti0.02Nb0.44Fe0.54,0.82,,0.54,0.02,0.44
Ti0.04Nb0.42Fe0.54,0.81,,0.54,0.04,0.42
Ti0.06Nb0.4Fe0.54,0.81,,0.54,0.06,0.4
Ti0.08Nb0.38Fe0.54,0.81,,0.54,0.08,0.38
Ti0.1Nb0.36Fe0.54,0.82,,0.54,0.1,0.36
Ti0.12Nb0.34Fe0.54,0.82,,0.54,0.12,0.34
Ti0.14Nb0.32Fe0.54,0.815,,0.54,0.14,0.32
Ti0.16Nb0.3Fe0.54,0.805,,0.54,0.16,0.3
Ti0.18Nb0.28Fe0.54,0.795,,0.54,0.18,0.28
Ti0.2Nb0.26Fe0.54,0.805,,0.54,0.2,0.26
Ti0.22Nb0.24Fe0.54,0.82,,0.54,0.22,0.24
Ti0.24Nb0.22Fe0.54,0.82,,0.54,0.24,0.22
Ti0.26Nb0.2Fe0.54,0.81,,0.54,0.26,0.2
Ti0.28Nb0.18Fe0.54,0.81,,0.54,0.28,0.18
Ti0.3Nb0.16Fe0.54,0.8,,0.54,0.3,0.16
Ti0.32Nb0.14Fe0.54,0.78,,0.54,0.32,0.14
Ti0.34Nb0.12Fe0.54,0.765,,0.54,0.34,0.12
Ti0.36Nb0.1Fe0.54,0.795,,0.54,0.36,0.1
Ti0.38Nb0.08Fe0.54,0.78,,0.54,0.38,0.08
Ti0.4Nb0.06Fe0.54,0.78,,0.54,0.4,0.06
Ti0.42Nb0.04Fe0.54,0.76,,0.54,0.42,0.04
Ti0.44Nb0.02Fe0.54,0.73,,0.54,0.44,0.02
Ti0.02Nb0.46Fe0.52,0.82,,0.52,0.02,0.46
Ti0.04Nb0.44Fe0.52,0.82,,0.52,0.04,0.44
Ti0.06Nb0.42Fe0.52,0.81,,0.52,0.06,0.42
Ti0.08Nb0.4Fe0.52,0.81,,0.52,0.08,0.4
Ti0.1Nb0.38Fe0.52,0.82,,0.52,0.1,0.38
Ti0.12Nb0.36Fe0.52,0.825,,0.52,0.12,0.36
Ti0.14Nb0.34Fe0.52,0.805,,0.52,0.14,0.34
Ti0.16Nb0.32Fe0.52,0.82,,0.52,0.16,0.32
Ti0.18Nb0.3Fe0.52,0.805,,0.52,0.18,0.3
Ti0.2Nb0.28Fe0.52,0.815,,0.52,0.2,0.28
Ti0.22Nb0.26Fe0.52,0.82,,0.52,0.22,0.26
Ti0.24Nb0.24Fe0.52,0.825,,0.52,0.24,0.24
Ti0.26Nb0.22Fe0.52,0.815,,0.52,0.26,0.22
Ti0.28Nb0.2Fe0.52,0.81,,0.52,0.28,0.2
Ti0.3Nb0.18Fe0.52,0.81,,0.52,0.3,0.18
Ti0.32Nb0.16Fe0.52,0.8,,0.52,0.32,0.16
Ti0.34Nb0.14Fe0.52,0.785,,0.52,0.34,0.14
Ti0.36Nb0.12Fe0.52,0.765,,0.52,0.36,0.12
Ti0.38Nb0.1Fe0.52,0.78,,0.52,0.38,0.1
Ti0.4Nb0.08Fe0.52,0.78,,0.52,0.4,0.08
Ti0.42Nb0.06Fe0.52,0.765,,0.52,0.42,0.06
Ti0.44Nb0.04Fe0.52,0.755,,0.52,0.44,0.04
Ti0.46Nb0.02Fe0.52,0.725,,0.52,0.46,0.02
Ti0.02Nb0.48Fe0.5,0.82,,0.5,0.02,0.48
Ti0.04Nb0.46Fe0.5,0.82,,0.5,0.04,0.46
Ti0.06Nb0.44Fe0.5,0.82,,0.5,0.06,0.44
Ti0.08Nb0.42Fe0.5,0.81,,0.5,0.08,0.42
Ti0.1Nb0.4Fe0.5,0.82,,0.5,0.1,0.4
Ti0.12Nb0.38Fe0.5,0.825,,0.5,0.12,0.38
Ti0.14Nb0.36Fe0.5,0.815,,0.5,0.14,0.36
Ti0.16Nb0.34Fe0.5,0.82,,0.5,0.16,0.34
Ti0.18Nb0.32Fe0.5,0.82,,0.5,0.18,0.32
Ti0.2Nb0.3Fe0.5,0.81,,0.5,0.2,0.3
Ti0.22Nb0.28Fe0.5,0.82,,0.5,0.22,0.28
Ti0.24Nb0.26Fe0.5,0.825,,0.5,0.24,0.26
Ti0.26Nb0.24Fe0.5,0.82,,0.5,0.26,0.24
Ti0.28Nb0.22Fe0.5,0.815,,0.5,0.28,0.22
Ti0.3Nb0.2Fe0.5,0.81,,0.5,0.3,0.2
Ti0.32Nb0.18Fe0.5,0.81,,0.5,0.32,0.18
Ti0.34Nb0.16Fe0.5,0.8,,0.5,0.34,0.16
Ti0.36Nb0.14Fe0.5,0.775,,0.5,0.36,0.14
Ti0.38Nb0.12Fe0.5,0.77,,0.5,0.38,0.12
Ti0.4Nb0.1Fe0.5,0.77,,0.5,0.4,0.1
Ti0.42Nb0.08Fe0.5,0.775,,0.5,0.42,0.08
Ti0.44Nb0.06Fe0.5,0.77,,0.5,0.44,0.06
Ti0.46Nb0.04Fe0.5,0.755,,0.5,0.46,0.04
Ti0.48Nb0.02Fe0.5,0.725,,0.5,0.48,0.02
Ti0.02Nb0.5Fe0.48,0.84,,0.48,0.02,0.5
Ti0.04Nb0.48Fe0.48,0.835,,0.48,0.04,0.48
Ti0.06Nb0.46Fe0.48,0.82,,0.48,0.06,0.46
Ti0.08Nb0.44Fe0.48,0.82,,0.48,0.08,0.44
Ti0.1Nb0.42Fe0.48,0.82,,0.48,0.1,0.42
Ti0.12Nb0.4Fe0.48,0.825,,0.48,0.12,0.4
Ti0.14Nb0.38Fe0.48,0.82,,0.48,0.14,0.38
Ti0.16Nb0.36Fe0.48,0.82,,0.48,0.16,0.36
Ti0.18Nb0.34Fe0.48,0.815,,0.48,0.18,0.34
Ti0.2Nb0.32Fe0.48,0.805,,0.48,0.2,0.32
Ti0.22Nb0.3Fe0.48,0.82,,0.48,0.22,0.3
Ti0.24Nb0.28Fe0.48,0.825,,0.48,0.24,0.28
Ti0.26Nb0.26Fe0.48,0.82,,0.48,0.26,0.26
Ti0.28Nb0.24Fe0.48,0.82,,0.48,0.28,0.24
Ti0.3Nb0.22Fe0.48,0.815,,0.48,0.3,0.22
Ti0.32Nb0.2Fe0.48,0.815,,0.48,0.32,0.2
Ti0.34Nb0.18Fe0.48,0.805,,0.48,0.34,0.18
Ti0.36Nb0.16Fe0.48,0.79,,0.48,0.36,0.16
Ti0.38Nb0.14Fe0.48,0.775,,0.48,0.38,0.14
Ti0.4Nb0.12Fe0.48,0.775,,0.48,0.4,0.12
Ti0.42Nb0.1Fe0.48,0.765,,0.48,0.42,0.1
Ti0.44Nb0.08Fe0.48,0.775,,0.48,0.44,0.08
Ti0.46Nb0.06Fe0.48,0.78,,0.48,0.46,0.06
Ti0.48Nb0.04Fe0.48,0.76,,0.48,0.48,0.04
Ti0.5Nb0.02Fe0.48,0.73,,0.48,0.5,0.02
Ti0.02Nb0.52Fe0.46,0.84,,0.46,0.02,0.52
Ti0.04Nb0.5Fe0.46,0.84,,0.46,0.04,0.5
Ti0.06Nb0.48Fe0.46,0.84,,0.46,0.06,0.48
Ti0.08Nb0.46Fe0.46,0.835,,0.46,0.08,0.46
Ti0.1Nb0.44Fe0.46,0.825,,0.46,0.1,0.44
Ti0.12Nb0.42Fe0.46,0.815,,0.46,0.12,0.42
Ti0.14Nb0.4Fe0.46,0.815,,0.46,0.14,0.4
Ti0.16Nb0.38Fe0.46,0.81,,0.46,0.16,0.38
Ti0.18Nb0.36Fe0.46,0.815,,0.46,0.18,0.36
Ti0.2Nb0.34Fe0.46,0.81,,0.46,0.2,0.34
Ti0.22Nb0.32Fe0.46,0.81,,0.46,0.22,0.32
Ti0.24Nb0.3Fe0.46,0.825,,0.46,0.24,0.3
Ti0.26Nb0.28Fe0.46,0.82,,0.46,0.26,0.28
Ti0.28Nb0.26Fe0.46,0.825,,0.46,0.28,0.26
Ti0.3Nb0.24Fe0.46,0.82,,0.46,0.3,0.24
Ti0.32Nb0.22Fe0.46,0.815,,0.46,0.32,0.22
Ti0.34Nb0.2Fe0.46,0.81,,0.46,0.34,0.2
Ti0.36Nb0.18Fe0.46,0.805,,0.46,0.36,0.18
Ti0.38Nb0.16Fe0.46,0.785,,0.46,0.38,0.16
Ti0.4Nb0.14Fe0.46,0.78,,0.46,0.4,0.14
Ti0.42Nb0.12Fe0.46,0.775,,0.46,0.42,0.12
Ti0.44Nb0.1Fe0.46,0.77,,0.46,0.44,0.1
Ti0.46Nb0.08Fe0.46,0.775,,0.46,0.46,0.08
Ti0.48Nb0.06Fe0.46,0.765,,0.46,0.48,0.06
Ti0.5Nb0.04Fe0.46,0.745,,0.46,0.5,0.04
Ti0.52Nb0.02Fe0.46,0.735,,0.46,0.52,0.02
Ti0.02Nb0.54Fe0.44,0.84,,0.44,0.02,0.54
Ti0.04Nb0.52Fe0.44,0.84,,0.44,0.04,0.52
Ti0.06Nb0.5Fe0.44,0.835,,0.44,0.06,0.5
Ti0.08Nb0.48Fe0.44,0.835,,0.44,0.08,0.48
Ti0.1Nb0.46Fe0.44,0.84,,0.44,0.1,0.46
Ti0.12Nb0.44Fe0.44,0.835,,0.44,0.12,0.44
Ti0.14Nb0.42Fe0.44,0.81,,0.44,0.14,0.42
Ti0.16Nb0.4Fe0.44,0.81,,0.44,0.16,0.4
Ti0.18Nb0.38Fe0.44,0.815,,0.44,0.18,0.38
Ti0.2Nb0.36Fe0.44,0.81,,0.44,0.2,0.36
Ti0.22Nb0.34Fe0.44,0.815,,0.44,0.22,0.34
Ti0.24Nb0.32Fe0.44,0.815,,0.44,0.24,0.32
Ti0.26Nb0.3Fe0.44,0.825,,0.44,0.26,0.3
Ti0.28Nb0.28Fe0.44,0.825,,0.44,0.28,0.28
Ti0.3Nb0.26Fe0.44,0.82,,0.44,0.3,0.26
Ti0.32Nb0.24Fe0.44,0.82,,0.44,0.32,0.24
Ti0.34Nb0.22Fe0.44,0.815,,0.44,0.34,0.22
Ti0.36Nb0.2Fe0.44,0.82,,0.44,0.36,0.2
Ti0.38Nb0.18Fe0.44,0.81,,0.44,0.38,0.18
Ti0.4Nb0.16Fe0.44,0.8,,0.44,0.4,0.16
Ti0.42Nb0.14Fe0.44,0.78,,0.44,0.42,0.14
Ti0.44Nb0.12Fe0.44,0.775,,0.44,0.44,0.12
Ti0.46Nb0.1Fe0.44,0.75,,0.44,0.46,0.1
Ti0.48Nb0.08Fe0.44,0.75,,0.44,0.48,0.08
Ti0.5Nb0.06Fe0.44,0.755,,0.44,0.5,0.06
Ti0.52Nb0.04Fe0.44,0.75,,0.44,0.52,0.04
Ti0.54Nb0.02Fe0.44,0.745,,0.44,0.54,0.02
Ti0.02Nb0.56Fe0.42,0.845,,0.42,0.02,0.56
Ti0.04Nb0.54Fe0.42,0.835,,0.42,0.04,0.54
Ti0.06Nb0.52Fe0.42,0.835,,0.42,0.06,0.52
Ti0.08Nb0.5Fe0.42,0.835,,0.42,0.08,0.5
Ti0.1Nb0.48Fe0.42,0.84,,0.42,0.1,0.48
Ti0.12Nb0.46Fe0.42,0.835,,0.42,0.12,0.46
Ti0.14Nb0.44Fe0.42,0.835,,0.42,0.14,0.44
Ti0.16Nb0.42Fe0.42,0.825,,0.42,0.16,0.42
Ti0.18Nb0.4Fe0.42,0.805,,0.42,0.18,0.4
Ti0.2Nb0.38Fe0.42,0.81,,0.42,0.2,0.38
Ti0.22Nb0.36Fe0.42,0.815,,0.42,0.22,0.36
Ti0.24Nb0.34Fe0.42,0.82,,0.42,0.24,0.34
Ti0.26Nb0.32Fe0.42,0.82,,0.42,0.26,0.32
Ti0.28Nb0.3Fe0.42,0.825,,0.42,0.28,0.3
Ti0.3Nb0.28Fe0.42,0.825,,0.42,0.3,0.28
Ti0.32Nb0.26Fe0.42,0.825,,0.42,0.32,0.26
Ti0.34Nb0.24Fe0.42,0.82,,0.42,0.34,0.24
Ti0.36Nb0.22Fe0.42,0.815,,0.42,0.36,0.22
Ti0.38Nb0.2Fe0.42,0.82,,0.42,0.38,0.2
Ti0.4Nb0.18Fe0.42,0.815,,0.42,0.4,0.18
Ti0.42Nb0.16Fe0.42,0.8,,0.42,0.42,0.16
Ti0.44Nb0.14Fe0.42,0.755,,0.42,0.44,0.14
Ti0.46Nb0.12Fe0.42,0.755,,0.42,0.46,0.12
Ti0.48Nb0.1Fe0.42,0.745,,0.42,0.48,0.1
Ti0.5Nb0.08Fe0.42,0.74,,0.42,0.5,0.08
Ti0.52Nb0.06Fe0.42,0.755,,0.42,0.52,0.06
Ti0.54Nb0.04Fe0.42,0.745,,0.42,0.54,0.04
Ti0.56Nb0.02Fe0.42,0.74,,0.42,0.56,0.02
Ti0.02Nb0.58Fe0.4,0.85,,0.4,0.02,0.58
Ti0.04Nb0.56Fe0.4,0.84,,0.4,0.04,0.56
Ti0.06Nb0.54Fe0.4,0.835,,0.4,0.06,0.54
Ti0.08Nb0.52Fe0.4,0.835,,0.4,0.08,0.52
Ti0.1Nb0.5Fe0.4,0.84,,0.4,0.1,0.5
Ti0.12Nb0.48Fe0.4,0.835,,0.4,0.12,0.48
Ti0.14Nb0.46Fe0.4,0.83,,0.4,0.14,0.46
Ti0.16Nb0.44Fe0.4,0.83,,0.4,0.16,0.44
Ti0.18Nb0.42Fe0.4,0.825,,0.4,0.18,0.42
Ti0.2Nb0.4Fe0.4,0.83,,0.4,0.2,0.4
Ti0.22Nb0.38Fe0.4,0.82,,0.4,0.22,0.38
Ti0.24Nb0.36Fe0.4,0.82,,0.4,0.24,0.36
Ti0.26Nb0.34Fe0.4,0.82,,0.4,0.26,0.34
Ti0.28Nb0.32Fe0.4,0.82,,0.4,0.28,0.32
Ti0.3Nb0.3Fe0.4,0.825,,0.4,0.3,0.3
Ti0.32Nb0.28Fe0.4,0.825,,0.4,0.32,0.28
Ti0.34Nb0.26Fe0.4,0.82,,0.4,0.34,0.26
Ti0.36Nb0.24Fe0.4,0.825,,0.4,0.36,0.24
Ti0.38Nb0.22Fe0.4,0.82,,0.4,0.38,0.22
Ti0.4Nb0.2Fe0.4,0.815,,0.4,0.4,0.2
Ti0.42Nb0.18Fe0.4,0.795,,0.4,0.42,0.18
Ti0.44Nb0.16Fe0.4,0.77,,0.4,0.44,0.16
Ti0.46Nb0.14Fe0.4,0.755,,0.4,0.46,0.14
Ti0.48Nb0.12Fe0.4,0.745,,0.4,0.48,0.12
Ti0.5Nb0.1Fe0.4,0.735,,0.4,0.5,0.1
Ti0.52Nb0.08Fe0.4,0.735,,0.4,0.52,0.08
Ti0.54Nb0.06Fe0.4,0.75,,0.4,0.54,0.06
Ti0.56Nb0.04Fe0.4,0.74,,0.4,0.56,0.04
Ti0.58Nb0.02Fe0.4,0.74,,0.4,0.58,0.02
Ti0.02Nb0.6Fe0.38,0.84,,0.38,0.02,0.6
Ti0.04Nb0.58Fe0.38,0.84,,0.38,0.04,0.58
Ti0.06Nb0.56Fe0.38,0.84,,0.38,0.06,0.56
Ti0.08Nb0.54Fe0.38,0.835,,0.38,0.08,0.54
Ti0.1Nb0.52Fe0.38,0.84,,0.38,0.1,0.52
Ti0.12Nb0.5Fe0.38,0.835,,0.38,0.12,0.5
Ti0.14Nb0.48Fe0.38,0.83,,0.38,0.14,0.48
Ti0.16Nb0.46Fe0.38,0.825,,0.38,0.16,0.46
Ti0.18Nb0.44Fe0.38,0.83,,0.38,0.18,0.44
Ti0.2Nb0.42Fe0.38,0.83,,0.38,0.2,0.42
Ti0.22Nb0.4Fe0.38,0.83,,0.38,0.22,0.4
Ti0.24Nb0.38Fe0.38,0.825,,0.38,0.24,0.38
Ti0.26Nb0.36Fe0.38,0.815,,0.38,0.26,0.36
Ti0.28Nb0.34Fe0.38,0.815,,0.38,0.28,0.34
Ti0.3Nb0.32Fe0.38,0.825,,0.38,0.3,0.32
Ti0.32Nb0.3Fe0.38,0.825,,0.38,0.32,0.3
Ti0.34Nb0.28Fe0.38,0.825,,0.38,0.34,0.28
Ti0.36Nb0.26Fe0.38,0.825,,0.38,0.36,0.26
Ti0.38Nb0.24Fe0.38,0.825,,0.38,0.38,0.24
Ti0.4Nb0.22Fe0.38,0.8,,0.38,0.4,0.22
Ti0.42Nb0.2Fe0.38,0.79,,0.38,0.42,0.2
Ti0.44Nb0.18Fe0.38,0.78,,0.38,0.44,0.18
Ti0.46Nb0.16Fe0.38,0.755,,0.38,0.46,0.16
Ti0.48Nb0.14Fe0.38,0.745,,0.38,0.48,0.14
Ti0.5Nb0.12Fe0.38,0.735,,0.38,0.5,0.12
Ti0.52Nb0.1Fe0.38,0.725,,0.38,0.52,0.1
Ti0.54Nb0.08Fe0.38,0.73,,0.38,0.54,0.08
Ti0.56Nb0.06Fe0.38,0.74,,0.38,0.56,0.06
Ti0.58Nb0.04Fe0.38,0.735,,0.38,0.58,0.04
Ti0.6Nb0.02Fe0.38,0.72,,0.38,0.6,0.02
Ti0.02Nb0.62Fe0.36,0.83,,0.36,0.02,0.62
Ti0.04Nb0.6Fe0.36,0.835,,0.36,0.04,0.6
Ti0.06Nb0.58Fe0.36,0.83,,0.36,0.06,0.58
Ti0.08Nb0.56Fe0.36,0.83,,0.36,0.08,0.56
Ti0.1Nb0.54Fe0.36,0.835,,0.36,0.1,0.54
Ti0.12Nb0.52Fe0.36,0.83,,0.36,0.12,0.52
Ti0.14Nb0.5Fe0.36,0.825,,0.36,0.14,0.5
Ti0.16Nb0.48Fe0.36,0.83,,0.36,0.16,0.48
Ti0.18Nb0.46Fe0.36,0.83,,0.36,0.18,0.46
Ti0.2Nb0.44Fe0.36,0.835,,0.36,0.2,0.44
Ti0.22Nb0.42Fe0.36,0.83,,0.36,0.22,0.42
Ti0.24Nb0.4Fe0.36,0.83,,0.36,0.24,0.4
Ti0.26Nb0.38Fe0.36,0.84,,0.36,0.26,0.38
Ti0.28Nb0.36Fe0.36,0.835,,0.36,0.28,0.36
Ti0.3Nb0.34Fe0.36,0.805,,0.36,0.3,0.34
Ti0.32Nb0.32Fe0.36,0.815,,0.36,0.32,0.32
Ti0.34Nb0.3Fe0.36,0.81,,0.36,0.34,0.3
Ti0.36Nb0.28Fe0.36,0.825,,0.36,0.36,0.28
Ti0.38Nb0.26Fe0.36,0.8,,0.36,0.38,0.26
Ti0.4Nb0.24Fe0.36,0.8,,0.36,0.4,0.24
Ti0.42Nb0.22Fe0.36,0.795,,0.36,0.42,0.22
Ti0.44Nb0.2Fe0.36,0.785,,0.36,0.44,0.2
Ti0.46Nb0.18Fe0.36,0.77,,0.36,0.46,0.18
Ti0.48Nb0.16Fe0.36,0.74,,0.36,0.48,0.16
Ti0.5Nb0.14Fe0.36,0.725,,0.36,0.5,0.14
Ti0.52Nb0.12Fe0.36,0.74,,0.36,0.52,0.12
Ti0.54Nb0.1Fe0.36,0.73,,0.36,0.54,0.1
Ti0.56Nb0.08Fe0.36,0.73,,0.36,0.56,0.08
Ti0.58Nb0.06Fe0.36,0.74,,0.36,0.58,0.06
Ti0.6Nb0.04Fe0.36,0.73,,0.36,0.6,0.04
Ti0.62Nb0.02Fe0.36,0.705,,0.36,0.62,0.02
Ti0.02Nb0.64Fe0.34,0.815,,0.34,0.02,0.64
Ti0.04Nb0.62Fe0.34,0.835,,0.34,0.04,0.62
Ti0.06Nb0.6Fe0.34,0.84,,0.34,0.06,0.6
Ti0.08Nb0.58Fe0.34,0.83,,0.34,0.08,0.58
Ti0.1Nb0.56Fe0.34,0.835,,0.34,0.1,0.56
Ti0.12Nb0.54Fe0.34,0.83,,0.34,0.12,0.54
Ti0.14Nb0.52Fe0.34,0.825,,0.34,0.14,0.52
Ti0.16Nb0.5Fe0.34,0.83,,0.34,0.16,0.5
Ti0.18Nb0.48Fe0.34,0.83,,0.34,0.18,0.48
Ti0.2Nb0.46Fe0.34,0.83,,0.34,0.2,0.46
Ti0.22Nb0.44Fe0.34,0.835,,0.34,0.22,0.44
Ti0.24Nb0.42Fe0.34,0.825,,0.34,0.24,0.42
Ti0.26Nb0.4Fe0.34,0.84,,0.34,0.26,0.4
Ti0.28Nb0.38Fe0.34,0.835,,0.34,0.28,0.38
Ti0.3Nb0.36Fe0.34,0.835,,0.34,0.3,0.36
Ti0.32Nb0.34Fe0.34,0.835,,0.34,0.32,0.34
Ti0.34Nb0.32Fe0.34,0.81,,0.34,0.34,0.32
Ti0.36Nb0.3Fe0.34,0.78,,0.34,0.36,0.3
Ti0.38Nb0.28Fe0.34,0.785,,0.34,0.38,0.28
Ti0.4Nb0.26Fe0.34,0.78,,0.34,0.4,0.26
Ti0.42Nb0.24Fe0.34,0.78,,0.34,0.42,0.24
Ti0.44Nb0.22Fe0.34,0.78,,0.34,0.44,0.22
Ti0.46Nb0.2Fe0.34,0.78,,0.34,0.46,0.2
Ti0.48Nb0.18Fe0.34,0.765,,0.34,0.48,0.18
Ti0.5Nb0.16Fe0.34,0.75,,0.34,0.5,0.16
Ti0.52Nb0.14Fe0.34,0.73,,0.34,0.52,0.14
Ti0.54Nb0.12Fe0.34,0.73,,0.34,0.54,0.12
Ti0.56Nb0.1Fe0.34,0.72,,0.34,0.56,0.1
Ti0.58Nb0.08Fe0.34,0.725,,0.34,0.58,0.08
Ti0.6Nb0.06Fe0.34,0.73,,0.34,0.6,0.06
Ti0.62Nb0.04Fe0.34,0.735,,0.34,0.62,0.04
Ti0.64Nb0.02Fe0.34,0.7,,0.34,0.64,0.02
Ti0.02Nb0.66Fe0.32,0.82,,0.32,0.02,0.66
Ti0.04Nb0.64Fe0.32,0.82,,0.32,0.04,0.64
Ti0.06Nb0.62Fe0.32,0.82,,0.32,0.06,0.62
Ti0.08Nb0.6Fe0.32,0.825,,0.32,0.08,0.6
Ti0.1Nb0.58Fe0.32,0.845,,0.32,0.1,0.58
Ti0.12Nb0.56Fe0.32,0.84,,0.32,0.12,0.56
Ti0.14Nb0.54Fe0.32,0.835,,0.32,0.14,0.54
Ti0.16Nb0.52Fe0.32,0.835,,0.32,0.16,0.52
Ti0.18Nb0.5Fe0.32,0.83,,0.32,0.18,0.5
Ti0.2Nb0.48Fe0.32,0.83,,0.32,0.2,0.48
Ti0.22Nb0.46Fe0.32,0.83,,0.32,0.22,0.46
Ti0.24Nb0.44Fe0.32,0.83,,0.32,0.24,0.44
Ti0.26Nb0.42Fe0.32,0.835,,0.32,0.26,0.42
Ti0.28Nb0.4Fe0.32,0.835,,0.32,0.28,0.4
Ti0.3Nb0.38Fe0.32,0.825,,0.32,0.3,0.38
Ti0.32Nb0.36Fe0.32,0.825,,0.32,0.32,0.36
Ti0.34Nb0.34Fe0.32,0.835,,0.32,0.34,0.34
Ti0.36Nb0.32Fe0.32,0.78,,0.32,0.36,0.32
Ti0.38Nb0.3Fe0.32,0.765,,0.32,0.38,0.3
Ti0.4Nb0.28Fe0.32,0.77,,0.32,0.4,0.28
Ti0.42Nb0.26Fe0.32,0.78,,0.32,0.42,0.26
Ti0.44Nb0.24Fe0.32,0.775,,0.32,0.44,0.24
Ti0.46Nb0.22Fe0.32,0.775,,0.32,0.46,0.22
Ti0.48Nb0.2Fe0.32,0.775,,0.32,0.48,0.2
Ti0.5Nb0.18Fe0.32,0.755,,0.32,0.5,0.18
Ti0.52Nb0.16Fe0.32,0.735,,0.32,0.52,0.16
Ti0.54Nb0.14Fe0.32,0.715,,0.32,0.54,0.14
Ti0.56Nb0.12Fe0.32,0.725,,0.32,0.56,0.12
Ti0.58Nb0.1Fe0.32,0.725,,0.32,0.58,0.1
Ti0.6Nb0.08Fe0.32,0.73,,0.32,0.6,0.08
Ti0.62Nb0.06Fe0.32,0.74,,0.32,0.62,0.06
Ti0.64Nb0.04Fe0.32,0.725,,0.32,0.64,0.04
Ti0.66Nb0.02Fe0.32,0.69,,0.32,0.66,0.02
Ti0.02Nb0.68Fe0.3,0.83,,0.3,0.02,0.68
Ti0.04Nb0.66Fe0.3,0.83,,0.3,0.04,0.66
Ti0.06Nb0.64Fe0.3,0.83,,0.3,0.06,0.64
Ti0.08Nb0.62Fe0.3,0.825,,0.3,0.08,0.62
Ti0.1Nb0.6Fe0.3,0.83,,0.3,0.1,0.6
Ti0.12Nb0.58Fe0.3,0.83,,0.3,0.12,0.58
Ti0.14Nb0.56Fe0.3,0.84,,0.3,0.14,0.56
Ti0.16Nb0.54Fe0.3,0.835,,0.3,0.16,0.54
Ti0.18Nb0.52Fe0.3,0.83,,0.3,0.18,0.52
Ti0.2Nb0.5Fe0.3,0.83,,0.3,0.2,0.5
Ti0.22Nb0.48Fe0.3,0.83,,0.3,0.22,0.48
Ti0.24Nb0.46Fe0.3,0.825,,0.3,0.24,0.46
Ti0.26Nb0.44Fe0.3,0.84,,0.3,0.26,0.44
Ti0.28Nb0.42Fe0.3,0.835,,0.3,0.28,0.42
Ti0.3Nb0.4Fe0.3,0.83,,0.3,0.3,0.4
Ti0.32Nb0.38Fe0.3,0.825,,0.3,0.32,0.38
Ti0.34Nb0.36Fe0.3,0.825,,0.3,0.34,0.36
Ti0.36Nb0.34Fe0.3,0.76,,0.3,0.36,0.34
Ti0.38Nb0.32Fe0.3,0.77,,0.3,0.38,0.32
Ti0.4Nb0.3Fe0.3,0.76,,0.3,0.4,0.3
Ti0.42Nb0.28Fe0.3,0.765,,0.3,0.42,0.28
Ti0.44Nb0.26Fe0.3,0.76,,0.3,0.44,0.26
Ti0.46Nb0.24Fe0.3,0.765,,0.3,0.46,0.24
Ti0.48Nb0.22Fe0.3,0.76,,0.3,0.48,0.22
Ti0.5Nb0.2Fe0.3,0.75,,0.3,0.5,0.2
Ti0.52Nb0.18Fe0.3,0.74,,0.3,0.52,0.18
Ti0.54Nb0.16Fe0.3,0.72,,0.3,0.54,0.16
Ti0.56Nb0.14Fe0.3,0.7,,0.3,0.56,0.14
Ti0.58Nb0.12Fe0.3,0.72,,0.3,0.58,0.12
Ti0.6Nb0.1Fe0.3,0.71,,0.3,0.6,0.1
Ti0.62Nb0.08Fe0.3,0.71,,0.3,0.62,0.08
Ti0.64Nb0.06Fe0.3,0.725,,0.3,0.64,0.06
Ti0.66Nb0.04Fe0.3,0.71,,0.3,0.66,0.04
Ti0.68Nb0.02Fe0.3,0.665,,0.3,0.68,0.02
Ti0.02Nb0.7Fe0.28,0.81,,0.28,0.02,0.7
Ti0.04Nb0.68Fe0.28,0.835,,0.28,0.04,0.68
Ti0.06Nb0.66Fe0.28,0.835,,0.28,0.06,0.66
Ti0.08Nb0.64Fe0.28,0.83,,0.28,0.08,0.64
Ti0.1Nb0.62Fe0.28,0.84,,0.28,0.1,0.62
Ti0.12Nb0.6Fe0.28,0.825,,0.28,0.12,0.6
Ti0.14Nb0.58Fe0.28,0.82,,0.28,0.14,0.58
Ti0.16Nb0.56Fe0.28,0.83,,0.28,0.16,0.56
Ti0.18Nb0.54Fe0.28,0.83,,0.28,0.18,0.54
Ti0.2Nb0.52Fe0.28,0.83,,0.28,0.2,0.52
Ti0.22Nb0.5Fe0.28,0.825,,0.28,0.22,0.5
Ti0.24Nb0.48Fe0.28,0.815,,0.28,0.24,0.48
Ti0.26Nb0.46Fe0.28,0.815,,0.28,0.26,0.46
Ti0.28Nb0.44Fe0.28,0.835,,0.28,0.28,0.44
Ti0.3Nb0.42Fe0.28,0.825,,0.28,0.3,0.42
Ti0.32Nb0.4Fe0.28,0.825,,0.28,0.32,0.4
Ti0.34Nb0.38Fe0.28,0.82,,0.28,0.34,0.38
Ti0.36Nb0.36Fe0.28,0.82,,0.28,0.36,0.36
Ti0.38Nb0.34Fe0.28,0.765,,0.28,0.38,0.34
Ti0.4Nb0.32Fe0.28,0.765,,0.28,0.4,0.32
Ti0.42Nb0.3Fe0.28,0.755,,0.28,0.42,0.3
Ti0.44Nb0.28Fe0.28,0.75,,0.28,0.44,0.28
Ti0.46Nb0.26Fe0.28,0.755,,0.28,0.46,0.26
Ti0.48Nb0.24Fe0.28,0.75,,0.28,0.48,0.24
Ti0.5Nb0.22Fe0.28,0.75,,0.28,0.5,0.22
Ti0.52Nb0.2Fe0.28,0.75,,0.28,0.52,0.2
Ti0.54Nb0.18Fe0.28,0.725,,0.28,0.54,0.18
Ti0.56Nb0.16Fe0.28,0.72,,0.28,0.56,0.16
Ti0.58Nb0.14Fe0.28,0.7,,0.28,0.58,0.14
Ti0.6Nb0.12Fe0.28,0.71,,0.28,0.6,0.12
Ti0.62Nb0.1Fe0.28,0.705,,0.28,0.62,0.1
Ti0.64Nb0.08Fe0.28,0.7,,0.28,0.64,0.08
Ti0.66Nb0.06Fe0.28,0.72,,0.28,0.66,0.06
Ti0.68Nb0.04Fe0.28,0.695,,0.28,0.68,0.04
Ti0.7Nb0.02Fe0.28,0.655,,0.28,0.7,0.02
Ti0.02Nb0.72Fe0.26,0.785,,0.26,0.02,0.72
Ti0.04Nb0.7Fe0.26,0.79,,0.26,0.04,0.7
Ti0.06Nb0.68Fe0.26,0.825,,0.26,0.06,0.68
Ti0.08Nb0.66Fe0.26,0.83,,0.26,0.08,0.66
Ti0.1Nb0.64Fe0.26,0.835,,0.26,0.1,0.64
Ti0.12Nb0.62Fe0.26,0.835,,0.26,0.12,0.62
Ti0.14Nb0.6Fe0.26,0.825,,0.26,0.14,0.6
Ti0.16Nb0.58Fe0.26,0.835,,0.26,0.16,0.58
Ti0.18Nb0.56Fe0.26,0.835,,0.26,0.18,0.56
Ti0.2Nb0.54Fe0.26,0.83,,0.26,0.2,0.54
Ti0.22Nb0.52Fe0.26,0.825,,0.26,0.22,0.52
Ti0.24Nb0.5Fe0.26,0.82,,0.26,0.24,0.5
Ti0.26Nb0.48Fe0.26,0.825,,0.26,0.26,0.48
Ti0.28Nb0.46Fe0.26,0.83,,0.26,0.28,0.46
Ti0.3Nb0.44Fe0.26,0.83,,0.26,0.3,0.44
Ti0.32Nb0.42Fe0.26,0.825,,0.26,0.32,0.42
Ti0.34Nb0.4Fe0.26,0.82,,0.26,0.34,0.4
Ti0.36Nb0.38Fe0.26,0.815,,0.26,0.36,0.38
Ti0.38Nb0.36Fe0.26,0.765,,0.26,0.38,0.36
Ti0.4Nb0.34Fe0.26,0.76,,0.26,0.4,0.34
Ti0.42Nb0.32Fe0.26,0.765,,0.26,0.42,0.32
Ti0.44Nb0.3Fe0.26,0.745,,0.26,0.44,0.3
Ti0.46Nb0.28Fe0.26,0.74,,0.26,0.46,0.28
Ti0.48Nb0.26Fe0.26,0.74,,0.26,0.48,0.26
Ti0.5Nb0.24Fe0.26,0.74,,0.26,0.5,0.24
Ti0.52Nb0.22Fe0.26,0.74,,0.26,0.52,0.22
Ti0.54Nb0.2Fe0.26,0.74,,0.26,0.54,0.2
Ti0.56Nb0.18Fe0.26,0.72,,0.26,0.56,0.18
Ti0.58Nb0.16Fe0.26,0.715,,0.26,0.58,0.16
Ti0.6Nb0.14Fe0.26,0.695,,0.26,0.6,0.14
Ti0.62Nb0.12Fe0.26,0.705,,0.26,0.62,0.12
Ti0.64Nb0.1Fe0.26,0.7,,0.26,0.64,0.1
Ti0.66Nb0.08Fe0.26,0.705,,0.26,0.66,0.08
Ti0.68Nb0.06Fe0.26,0.725,,0.26,0.68,0.06
Ti0.7Nb0.04Fe0.26,0.7,,0.26,0.7,0.04
Ti0.72Nb0.02Fe0.26,0.65,,0.26,0.72,0.02
Ti0.02Nb0.74Fe0.24,0.78,,0.24,0.02,0.74
Ti0.04Nb0.72Fe0.24,0.785,,0.24,0.04,0.72
Ti0.06Nb0.7Fe0.24,0.79,,0.24,0.06,0.7
Ti0.08Nb0.68Fe0.24,0.825,,0.24,0.08,0.68
Ti0.1Nb0.66Fe0.24,0.83,,0.24,0.1,0.66
Ti0.12Nb0.64Fe0.24,0.825,,0.24,0.12,0.64
Ti0.14Nb0.62Fe0.24,0.825,,0.24,0.14,0.62
Ti0.16Nb0.6Fe0.24,0.825,,0.24,0.16,0.6
Ti0.18Nb0.58Fe0.24,0.83,,0.24,0.18,0.58
Ti0.2Nb0.56Fe0.24,0.835,,0.24,0.2,0.56
Ti0.22Nb0.54Fe0.24,0.825,,0.24,0.22,0.54
Ti0.24Nb0.52Fe0.24,0.815,,0.24,0.24,0.52
Ti0.26Nb0.5Fe0.24,0.815,,0.24,0.26,0.5
Ti0.28Nb0.48Fe0.24,0.83,,0.24,0.28,0.48
Ti0.3Nb0.46Fe0.24,0.83,,0.24,0.3,0.46
Ti0.32Nb0.44Fe0.24,0.835,,0.24,0.32,0.44
Ti0.34Nb0.42Fe0.24,0.835,,0.24,0.34,0.42
Ti0.36Nb0.4Fe0.24,0.835,,0.24,0.36,0.4
Ti0.38Nb0.38Fe0.24,0.845,,0.24,0.38,0.38
Ti0.4Nb0.36Fe0.24,0.765,,0.24,0.4,0.36
Ti0.42Nb0.34Fe0.24,0.76,,0.24,0.42,0.34
Ti0.44Nb0.32Fe0.24,0.755,,0.24,0.44,0.32
Ti0.46Nb0.3Fe0.24,0.74,,0.24,0.46,0.3
Ti0.48Nb0.28Fe0.24,0.74,,0.24,0.48,0.28
Ti0.5Nb0.26Fe0.24,0.75,,0.24,0.5,0.26
Ti0.52Nb0.24Fe0.24,0.75,,0.24,0.52,0.24
Ti0.54Nb0.22Fe0.24,0.735,,0.24,0.54,0.22
Ti0.56Nb0.2Fe0.24,0.705,,0.24,0.56,0.2
Ti0.58Nb0.18Fe0.24,0.695,,0.24,0.58,0.18
Ti0.6Nb0.16Fe0.24,0.685,,0.24,0.6,0.16
Ti0.62Nb0.14Fe0.24,0.675,,0.24,0.62,0.14
Ti0.64Nb0.12Fe0.24,0.675,,0.24,0.64,0.12
Ti0.66Nb0.1Fe0.24,0.68,,0.24,0.66,0.1
Ti0.68Nb0.08Fe0.24,0.685,,0.24,0.68,0.08
Ti0.7Nb0.06Fe0.24,0.705,,0.24,0.7,0.06
Ti0.72Nb0.04Fe0.24,0.68,,0.24,0.72,0.04
Ti0.74Nb0.02Fe0.24,0.635,,0.24,0.74,0.02
Ti0.02Nb0.76Fe0.22,0.75,,0.22,0.02,0.76
Ti0.04Nb0.74Fe0.22,0.785,,0.22,0.04,0.74
Ti0.06Nb0.72Fe0.22,0.785,,0.22,0.06,0.72
Ti0.08Nb0.7Fe0.22,0.79,,0.22,0.08,0.7
Ti0.1Nb0.68Fe0.22,0.825,,0.22,0.1,0.68
Ti0.12Nb0.66Fe0.22,0.825,,0.22,0.12,0.66
Ti0.14Nb0.64Fe0.22,0.82,,0.22,0.14,0.64
Ti0.16Nb0.62Fe0.22,0.825,,0.22,0.16,0.62
Ti0.18Nb0.6Fe0.22,0.82,,0.22,0.18,0.6
Ti0.2Nb0.58Fe0.22,0.83,,0.22,0.2,0.58
Ti0.22Nb0.56Fe0.22,0.83,,0.22,0.22,0.56
Ti0.24Nb0.54Fe0.22,0.815,,0.22,0.24,0.54
Ti0.26Nb0.52Fe0.22,0.815,,0.22,0.26,0.52
Ti0.28Nb0.5Fe0.22,0.825,,0.22,0.28,0.5
Ti0.3Nb0.48Fe0.22,0.825,,0.22,0.3,0.48
Ti0.32Nb0.46Fe0.22,0.82,,0.22,0.32,0.46
Ti0.34Nb0.44Fe0.22,0.82,,0.22,0.34,0.44
Ti0.36Nb0.42Fe0.22,0.795,,0.22,0.36,0.42
Ti0.38Nb0.4Fe0.22,0.805,,0.22,0.38,0.4
Ti0.4Nb0.38Fe0.22,0.74,,0.22,0.4,0.38
Ti0.42Nb0.36Fe0.22,0.735,,0.22,0.42,0.36
Ti0.44Nb0.34Fe0.22,0.735,,0.22,0.44,0.34
Ti0.46Nb0.32Fe0.22,0.735,,0.22,0.46,0.32
Ti0.48Nb0.3Fe0.22,0.73,,0.22,0.48,0.3
Ti0.5Nb0.28Fe0.22,0.735,,0.22,0.5,0.28
Ti0.52Nb0.26Fe0.22,0.735,,0.22,0.52,0.26
Ti0.54Nb0.24Fe0.22,0.74,,0.22,0.54,0.24
Ti0.56Nb0.22Fe0.22,0.735,,0.22,0.56,0.22
Ti0.58Nb0.2Fe0.22,0.72,,0.22,0.58,0.2
Ti0.6Nb0.18Fe0.22,0.705,,0.22,0.6,0.18
Ti0.62Nb0.16Fe0.22,0.685,,0.22,0.62,0.16
Ti0.64Nb0.14Fe0.22,0.67,,0.22,0.64,0.14
Ti0.66Nb0.12Fe0.22,0.67,,0.22,0.66,0.12
Ti0.68Nb0.1Fe0.22,0.675,,0.22,0.68,0.1
Ti0.7Nb0.08Fe0.22,0.68,,0.22,0.7,0.08
Ti0.72Nb0.06Fe0.22,0.695,,0.22,0.72,0.06
Ti0.74Nb0.04Fe0.22,0.67,,0.22,0.74,0.04
Ti0.76Nb0.02Fe0.22,0.595,,0.22,0.76,0.02
Ti0.02Nb0.78Fe0.2,0.775,,0.2,0.02,0.78
Ti0.04Nb0.76Fe0.2,0.765,,0.2,0.04,0.76
Ti0.06Nb0.74Fe0.2,0.785,,0.2,0.06,0.74
Ti0.08Nb0.72Fe0.2,0.775,,0.2,0.08,0.72
Ti0.1Nb0.7Fe0.2,0.77,,0.2,0.1,0.7
Ti0.12Nb0.68Fe0.2,0.8,,0.2,0.12,0.68
Ti0.14Nb0.66Fe0.2,0.795,,0.2,0.14,0.66
Ti0.16Nb0.64Fe0.2,0.8,,0.2,0.16,0.64
Ti0.18Nb0.62Fe0.2,0.805,,0.2,0.18,0.62
Ti0.2Nb0.6Fe0.2,0.805,,0.2,0.2,0.6
Ti0.22Nb0.58Fe0.2,0.805,,0.2,0.22,0.58
Ti0.24Nb0.56Fe0.2,0.805,,0.2,0.24,0.56
Ti0.26Nb0.54Fe0.2,0.795,,0.2,0.26,0.54
Ti0.28Nb0.52Fe0.2,0.805,,0.2,0.28,0.52
Ti0.3Nb0.5Fe0.2,0.805,,0.2,0.3,0.5
Ti0.32Nb0.48Fe0.2,0.805,,0.2,0.32,0.48
Ti0.34Nb0.46Fe0.2,0.805,,0.2,0.34,0.46
Ti0.36Nb0.44Fe0.2,0.81,,0.2,0.36,0.44
Ti0.38Nb0.42Fe0.2,0.805,,0.2,0.38,0.42
Ti0.4Nb0.4Fe0.2,0.795,,0.2,0.4,0.4
Ti0.42Nb0.38Fe0.2,0.72,,0.2,0.42,0.38
Ti0.44Nb0.36Fe0.2,0.72,,0.2,0.44,0.36
Ti0.46Nb0.34Fe0.2,0.72,,0.2,0.46,0.34
Ti0.48Nb0.32Fe0.2,0.715,,0.2,0.48,0.32
Ti0.5Nb0.3Fe0.2,0.7,,0.2,0.5,0.3
Ti0.52Nb0.28Fe0.2,0.705,,0.2,0.52,0.28
Ti0.54Nb0.26Fe0.2,0.715,,0.2,0.54,0.26
Ti0.56Nb0.24Fe0.2,0.715,,0.2,0.56,0.24
Ti0.58Nb0.22Fe0.2,0.71,,0.2,0.58,0.22
Ti0.6Nb0.2Fe0.2,0.7,,0.2,0.6,0.2
Ti0.62Nb0.18Fe0.2,0.685,,0.2,0.62,0.18
Ti0.64Nb0.16Fe0.2,0.665,,0.2,0.64,0.16
Ti0.66Nb0.14Fe0.2,0.66,,0.2,0.66,0.14
Ti0.68Nb0.12Fe0.2,0.66,,0.2,0.68,0.12
Ti0.7Nb0.1Fe0.2,0.66,,0.2,0.7,0.1
Ti0.72Nb0.08Fe0.2,0.665,,0.2,0.72,0.08
Ti0.74Nb0.06Fe0.2,0.68,,0.2,0.74,0.06
Ti0.76Nb0.04Fe0.2,0.64,,0.2,0.76,0.04
Ti0.78Nb0.02Fe0.2,0.595,,0.2,0.78,0.02
Ti0.02Nb0.8Fe0.18,0.73,,0.18,0.02,0.8
Ti0.04Nb0.78Fe0.18,0.74,,0.18,0.04,0.78
Ti0.06Nb0.76Fe0.18,0.74,,0.18,0.06,0.76
Ti0.08Nb0.74Fe0.18,0.765,,0.18,0.08,0.74
Ti0.1Nb0.72Fe0.18,0.75,,0.18,0.1,0.72
Ti0.12Nb0.7Fe0.18,0.765,,0.18,0.12,0.7
Ti0.14Nb0.68Fe0.18,0.79,,0.18,0.14,0.68
Ti0.16Nb0.66Fe0.18,0.805,,0.18,0.16,0.66
Ti0.18Nb0.64Fe0.18,0.795,,0.18,0.18,0.64
Ti0.2Nb0.62Fe0.18,0.805,,0.18,0.2,0.62
Ti0.22Nb0.6Fe0.18,0.8,,0.18,0.22,0.6
Ti0.24Nb0.58Fe0.18,0.795,,0.18,0.24,0.58
Ti0.26Nb0.56Fe0.18,0.8,,0.18,0.26,0.56
Ti0.28Nb0.54Fe0.18,0.805,,0.18,0.28,0.54
Ti0.3Nb0.52Fe0.18,0.8,,0.18,0.3,0.52
Ti0.32Nb0.5Fe0.18,0.795,,0.18,0.32,0.5
Ti0.34Nb0.48Fe0.18,0.795,,0.18,0.34,0.48
Ti0.36Nb0.46Fe0.18,0.79,,0.18,0.36,0.46
Ti0.38Nb0.44Fe0.18,0.8,,0.18,0.38,0.44
Ti0.4Nb0.42Fe0.18,0.785,,0.18,0.4,0.42
Ti0.42Nb0.4Fe0.18,0.7,,0.18,0.42,0.4
Ti0.44Nb0.38Fe0.18,0.7,,0.18,0.44,0.38
Ti0.46Nb0.36Fe0.18,0.7,,0.18,0.46,0.36
Ti0.48Nb0.34Fe0.18,0.705,,0.18,0.48,0.34
Ti0.5Nb0.32Fe0.18,0.695,,0.18,0.5,0.32
Ti0.52Nb0.3Fe0.18,0.68,,0.18,0.52,0.3
Ti0.54Nb0.28Fe0.18,0.68,,0.18,0.54,0.28
Ti0.56Nb0.26Fe0.18,0.685,,0.18,0.56,0.26
Ti0.58Nb0.24Fe0.18,0.685,,0.18,0.58,0.24
Ti0.6Nb0.22Fe0.18,0.69,,0.18,0.6,0.22
Ti0.62Nb0.2Fe0.18,0.68,,0.18,0.62,0.2
Ti0.64Nb0.18Fe0.18,0.655,,0.18,0.64,0.18
Ti0.66Nb0.16Fe0.18,0.64,,0.18,0.66,0.16
Ti0.68Nb0.14Fe0.18,0.645,,0.18,0.68,0.14
Ti0.7Nb0.12Fe0.18,0.65,,0.18,0.7,0.12
Ti0.72Nb0.1Fe0.18,0.635,,0.18,0.72,0.1
Ti0.74Nb0.08Fe0.18,0.645,,0.18,0.74,0.08
Ti0.76Nb0.06Fe0.18,0.625,,0.18,0.76,0.06
Ti0.78Nb0.04Fe0.18,0.6,,0.18,0.78,0.04
Ti0.8Nb0.02Fe0.18,0.555,,0.18,0.8,0.02
Ti0.02Nb0.82Fe0.16,0.73,,0.16,0.02,0.82
Ti0.04Nb0.8Fe0.16,0.73,,0.16,0.04,0.8
Ti0.06Nb0.78Fe0.16,0.735,,0.16,0.06,0.78
Ti0.08Nb0.76Fe0.16,0.74,,0.16,0.08,0.76
Ti0.1Nb0.74Fe0.16,0.75,,0.16,0.1,0.74
Ti0.12Nb0.72Fe0.16,0.74,,0.16,0.12,0.72
Ti0.14Nb0.7Fe0.16,0.745,,0.16,0.14,0.7
Ti0.16Nb0.68Fe0.16,0.77,,0.16,0.16,0.68
Ti0.18Nb0.66Fe0.16,0.765,,0.16,0.18,0.66
Ti0.2Nb0.64Fe0.16,0.765,,0.16,0.2,0.64
Ti0.22Nb0.62Fe0.16,0.775,,0.16,0.22,0.62
Ti0.24Nb0.6Fe0.16,0.75,,0.16,0.24,0.6
Ti0.26Nb0.58Fe0.16,0.755,,0.16,0.26,0.58
Ti0.28Nb0.56Fe0.16,0.765,,0.16,0.28,0.56
Ti0.3Nb0.54Fe0.16,0.76,,0.16,0.3,0.54
Ti0.32Nb0.52Fe0.16,0.76,,0.16,0.32,0.52
Ti0.34Nb0.5Fe0.16,0.765,,0.16,0.34,0.5
Ti0.36Nb0.48Fe0.16,0.76,,0.16,0.36,0.48
Ti0.38Nb0.46Fe0.16,0.77,,0.16,0.38,0.46
Ti0.4Nb0.44Fe0.16,0.775,,0.16,0.4,0.44
Ti0.42Nb0.42Fe0.16,0.765,,0.16,0.42,0.42
Ti0.44Nb0.4Fe0.16,0.675,,0.16,0.44,0.4
Ti0.46Nb0.38Fe0.16,0.67,,0.16,0.46,0.38
Ti0.48Nb0.36Fe0.16,0.68,,0.16,0.48,0.36
Ti0.5Nb0.34Fe0.16,0.68,,0.16,0.5,0.34
Ti0.52Nb0.32Fe0.16,0.675,,0.16,0.52,0.32
Ti0.54Nb0.3Fe0.16,0.66,,0.16,0.54,0.3
Ti0.56Nb0.28Fe0.16,0.66,,0.16,0.56,0.28
Ti0.58Nb0.26Fe0.16,0.67,,0.16,0.58,0.26
Ti0.6Nb0.24Fe0.16,0.675,,0.16,0.6,0.24
Ti0.62Nb0.22Fe0.16,0.675,,0.16,0.62,0.22
Ti0.64Nb0.2Fe0.16,0.645,,0.16,0.64,0.2
Ti0.66Nb0.18Fe0.16,0.635,,0.16,0.66,0.18
Ti0.68Nb0.16Fe0.16,0.635,,0.16,0.68,0.16
Ti0.7Nb0.14Fe0.16,0.615,,0.16,0.7,0.14
Ti0.72Nb0.12Fe0.16,0.61,,0.16,0.72,0.12
Ti0.74Nb0.1Fe0.16,0.605,,0.16,0.74,0.1
Ti0.76Nb0.08Fe0.16,0.605,,0.16,0.76,0.08
Ti0.78Nb0.06Fe0.16,0.61,,0.16,0.78,0.06
Ti0.8Nb0.04Fe0.16,0.54,,0.16,0.8,0.04
Ti0.82Nb0.02Fe0.16,0.5,,0.16,0.82,0.02
Ti0.02Nb0.84Fe0.14,0.715,,0.14,0.02,0.84
Ti0.04Nb0.82Fe0.14,0.715,,0.14,0.04,0.82
Ti0.06Nb0.8Fe0.14,0.71,,0.14,0.06,0.8
Ti0.08Nb0.78Fe0.14,0.715,,0.14,0.08,0.78
Ti0.1Nb0.76Fe0.14,0.73,,0.14,0.1,0.76
Ti0.12Nb0.74Fe0.14,0.74,,0.14,0.12,0.74
Ti0.14Nb0.72Fe0.14,0.725,,0.14,0.14,0.72
Ti0.16Nb0.7Fe0.14,0.74,,0.14,0.16,0.7
Ti0.18Nb0.68Fe0.14,0.755,,0.14,0.18,0.68
Ti0.2Nb0.66Fe0.14,0.75,,0.14,0.2,0.66
Ti0.22Nb0.64Fe0.14,0.755,,0.14,0.22,0.64
Ti0.24Nb0.62Fe0.14,0.755,,0.14,0.24,0.62
Ti0.26Nb0.6Fe0.14,0.75,,0.14,0.26,0.6
Ti0.28Nb0.58Fe0.14,0.76,,0.14,0.28,0.58
Ti0.3Nb0.56Fe0.14,0.755,,0.14,0.3,0.56
Ti0.32Nb0.54Fe0.14,0.75,,0.14,0.32,0.54
Ti0.34Nb0.52Fe0.14,0.75,,0.14,0.34,0.52
Ti0.36Nb0.5Fe0.14,0.74,,0.14,0.36,0.5
Ti0.38Nb0.48Fe0.14,0.74,,0.14,0.38,0.48
Ti0.4Nb0.46Fe0.14,0.75,,0.14,0.4,0.46
Ti0.42Nb0.44Fe0.14,0.755,,0.14,0.42,0.44
Ti0.44Nb0.42Fe0.14,0.665,,0.14,0.44,0.42
Ti0.46Nb0.4Fe0.14,0.66,,0.14,0.46,0.4
Ti0.48Nb0.38Fe0.14,0.66,,0.14,0.48,0.38
Ti0.5Nb0.36Fe0.14,0.665,,0.14,0.5,0.36
Ti0.52Nb0.34Fe0.14,0.675,,0.14,0.52,0.34
Ti0.54Nb0.32Fe0.14,0.68,,0.14,0.54,0.32
Ti0.56Nb0.3Fe0.14,0.66,,0.14,0.56,0.3
Ti0.58Nb0.28Fe0.14,0.655,,0.14,0.58,0.28
Ti0.6Nb0.26Fe0.14,0.66,,0.14,0.6,0.26
Ti0.62Nb0.24Fe0.14,0.665,,0.14,0.62,0.24
Ti0.64Nb0.22Fe0.14,0.65,,0.14,0.64,0.22
Ti0.66Nb0.2Fe0.14,0.635,,0.14,0.66,0.2
Ti0.68Nb0.18Fe0.14,0.63,,0.14,0.68,0.18
Ti0.7Nb0.16Fe0.14,0.63,,0.14,0.7,0.16
Ti0.72Nb0.14Fe0.14,0.6,,0.14,0.72,0.14
Ti0.74Nb0.12Fe0.14,0.605,,0.14,0.74,0.12
Ti0.76Nb0.1Fe0.14,0.59,,0.14,0.76,0.1
Ti0.78Nb0.08Fe0.14,0.6,,0.14,0.78,0.08
Ti0.8Nb0.06Fe0.14,0.585,,0.14,0.8,0.06
Ti0.82Nb0.04Fe0.14,0.52,,0.14,0.82,0.04
Ti0.84Nb0.02Fe0.14,0.505,,0.14,0.84,0.02
Ti0.02Nb0.86Fe0.12,0.69,,0.12,0.02,0.86
Ti0.04Nb0.84Fe0.12,0.705,,0.12,0.04,0.84
Ti0.06Nb0.82Fe0.12,0.705,,0.12,0.06,0.82
Ti0.08Nb0.8Fe0.12,0.69,,0.12,0.08,0.8
Ti0.1Nb0.78Fe0.12,0.705,,0.12,0.1,0.78
Ti0.12Nb0.76Fe0.12,0.715,,0.12,0.12,0.76
Ti0.14Nb0.74Fe0.12,0.725,,0.12,0.14,0.74
Ti0.16Nb0.72Fe0.12,0.72,,0.12,0.16,0.72
Ti0.18Nb0.7Fe0.12,0.73,,0.12,0.18,0.7
Ti0.2Nb0.68Fe0.12,0.745,,0.12,0.2,0.68
Ti0.22Nb0.66Fe0.12,0.75,,0.12,0.22,0.66
Ti0.24Nb0.64Fe0.12,0.745,,0.12,0.24,0.64
Ti0.26Nb0.62Fe0.12,0.745,,0.12,0.26,0.62
Ti0.28Nb0.6Fe0.12,0.75,,0.12,0.28,0.6
Ti0.3Nb0.58Fe0.12,0.745,,0.12,0.3,0.58
Ti0.32Nb0.56Fe0.12,0.745,,0.12,0.32,0.56
Ti0.34Nb0.54Fe0.12,0.74,,0.12,0.34,0.54
Ti0.36Nb0.52Fe0.12,0.735,,0.12,0.36,0.52
Ti0.38Nb0.5Fe0.12,0.74,,0.12,0.38,0.5
Ti0.4Nb0.48Fe0.12,0.74,,0.12,0.4,0.48
Ti0.42Nb0.46Fe0.12,0.735,,0.12,0.42,0.46
Ti0.44Nb0.44Fe0.12,0.73,,0.12,0.44,0.44
Ti0.46Nb0.42Fe0.12,0.645,,0.12,0.46,0.42
Ti0.48Nb0.4Fe0.12,0.65,,0.12,0.48,0.4
Ti0.5Nb0.38Fe0.12,0.65,,0.12,0.5,0.38
Ti0.52Nb0.36Fe0.12,0.645,,0.12,0.52,0.36
Ti0.54Nb0.34Fe0.12,0.645,,0.12,0.54,0.34
Ti0.56Nb0.32Fe0.12,0.65,,0.12,0.56,0.32
Ti0.58Nb0.3Fe0.12,0.63,,0.12,0.58,0.3
Ti0.6Nb0.28Fe0.12,0.635,,0.12,0.6,0.28
Ti0.62Nb0.26Fe0.12,0.64,,0.12,0.62,0.26
Ti0.64Nb0.24Fe0.12,0.65,,0.12,0.64,0.24
Ti0.66Nb0.22Fe0.12,0.65,,0.12,0.66,0.22
Ti0.68Nb0.2Fe0.12,0.635,,0.12,0.68,0.2
Ti0.7Nb0.18Fe0.12,0.63,,0.12,0.7,0.18
Ti0.72Nb0.16Fe0.12,0.61,,0.12,0.72,0.16
Ti0.74Nb0.14Fe0.12,0.59,,0.12,0.74,0.14
Ti0.76Nb0.12Fe0.12,0.57,,0.12,0.76,0.12
Ti0.78Nb0.1Fe0.12,0.56,,0.12,0.78,0.1
Ti0.8Nb0.08Fe0.12,0.545,,0.12,0.8,0.08
Ti0.82Nb0.06Fe0.12,0.53,,0.12,0.82,0.06
Ti0.84Nb0.04Fe0.12,0.49,,0.12,0.84,0.04
Ti0.86Nb0.02Fe0.12,0.485,,0.12,0.86,0.02
Ti0.02Nb0.88Fe0.1,0.645,,0.1,0.02,0.88
Ti0.04Nb0.86Fe0.1,0.675,,0.1,0.04,0.86
Ti0.06Nb0.84Fe0.1,0.695,,0.1,0.06,0.84
Ti0.08Nb0.82Fe0.1,0.705,,0.1,0.08,0.82
Ti0.1Nb0.8Fe0.1,0.71,,0.1,0.1,0.8
Ti0.12Nb0.78Fe0.1,0.715,,0.1,0.12,0.78
Ti0.14Nb0.76Fe0.1,0.725,,0.1,0.14,0.76
Ti0.16Nb0.74Fe0.1,0.74,,0.1,0.16,0.74
Ti0.18Nb0.72Fe0.1,0.73,,0.1,0.18,0.72
Ti0.2Nb0.7Fe0.1,0.735,,0.1,0.2,0.7
Ti0.22Nb0.68Fe0.1,0.76,,0.1,0.22,0.68
Ti0.24Nb0.66Fe0.1,0.745,,0.1,0.24,0.66
Ti0.26Nb0.64Fe0.1,0.745,,0.1,0.26,0.64
Ti0.28Nb0.62Fe0.1,0.76,,0.1,0.28,0.62
Ti0.3Nb0.6Fe0.1,0.75,,0.1,0.3,0.6
Ti0.32Nb0.58Fe0.1,0.745,,0.1,0.32,0.58
Ti0.34Nb0.56Fe0.1,0.745,,0.1,0.34,0.56
Ti0.36Nb0.54Fe0.1,0.735,,0.1,0.36,0.54
Ti0.38Nb0.52Fe0.1,0.74,,0.1,0.38,0.52
Ti0.4Nb0.5Fe0.1,0.745,,0.1,0.4,0.5
Ti0.42Nb0.48Fe0.1,0.745,,0.1,0.42,0.48
Ti0.44Nb0.46Fe0.1,0.725,,0.1,0.44,0.46
Ti0.46Nb0.44Fe0.1,0.655,,0.1,0.46,0.44
Ti0.48Nb0.42Fe0.1,0.645,,0.1,0.48,0.42
Ti0.5Nb0.4Fe0.1,0.64,,0.1,0.5,0.4
Ti0.52Nb0.38Fe0.1,0.64,,0.1,0.52,0.38
Ti0.54Nb0.36Fe0.1,0.635,,0.1,0.54,0.36
Ti0.56Nb0.34Fe0.1,0.635,,0.1,0.56,0.34
Ti0.58Nb0.32Fe0.1,0.64,,0.1,0.58,0.32
Ti0.6Nb0.3Fe0.1,0.63,,0.1,0.6,0.3
Ti0.62Nb0.28Fe0.1,0.635,,0.1,0.62,0.28
Ti0.64Nb0.26Fe0.1,0.63,,0.1,0.64,0.26
Ti0.66Nb0.24Fe0.1,0.635,,0.1,0.66,0.24
Ti0.68Nb0.22Fe0.1,0.635,,0.1,0.68,0.22
Ti0.7Nb0.2Fe0.1,0.62,,0.1,0.7,0.2
Ti0.72Nb0.18Fe0.1,0.61,,0.1,0.72,0.18
Ti0.74Nb0.16Fe0.1,0.605,,0.1,0.74,0.16
Ti0.76Nb0.14Fe0.1,0.585,,0.1,0.76,0.14
Ti0.78Nb0.12Fe0.1,0.565,,0.1,0.78,0.12
Ti0.8Nb0.1Fe0.1,0.56,,0.1,0.8,0.1
Ti0.82Nb0.08Fe0.1,0.55,,0.1,0.82,0.08
Ti0.84Nb0.06Fe0.1,0.53,,0.1,0.84,0.06
Ti0.86Nb0.04Fe0.1,0.505,,0.1,0.86,0.04
Ti0.88Nb0.02Fe0.1,0.5,,0.1,0.88,0.02
Ti0.02Nb0.9Fe0.08,0.605,,0.08,0.02,0.9
Ti0.04Nb0.88Fe0.08,0.61,,0.08,0.04,0.88
Ti0.06Nb0.86Fe0.08,0.64,,0.08,0.06,0.86
Ti0.08Nb0.84Fe0.08,0.68,,0.08,0.08,0.84
Ti0.1Nb0.82Fe0.08,0.69,,0.08,0.1,0.82
Ti0.12Nb0.8Fe0.08,0.695,,0.08,0.12,0.8
Ti0.14Nb0.78Fe0.08,0.695,,0.08,0.14,0.78
Ti0.16Nb0.76Fe0.08,0.695,,0.08,0.16,0.76
Ti0.18Nb0.74Fe0.08,0.71,,0.08,0.18,0.74
Ti0.2Nb0.72Fe0.08,0.7,,0.08,0.2,0.72
Ti0.22Nb0.7Fe0.08,0.72,,0.08,0.22,0.7
Ti0.24Nb0.68Fe0.08,0.72,,0.08,0.24,0.68
Ti0.26Nb0.66Fe0.08,0.71,,0.08,0.26,0.66
Ti0.28Nb0.64Fe0.08,0.72,,0.08,0.28,0.64
Ti0.3Nb0.62Fe0.08,0.74,,0.08,0.3,0.62
Ti0.32Nb0.6Fe0.08,0.735,,0.08,0.32,0.6
Ti0.34Nb0.58Fe0.08,0.725,,0.08,0.34,0.58
Ti0.36Nb0.56Fe0.08,0.725,,0.08,0.36,0.56
Ti0.38Nb0.54Fe0.08,0.725,,0.08,0.38,0.54
Ti0.4Nb0.52Fe0.08,0.725,,0.08,0.4,0.52
Ti0.42Nb0.5Fe0.08,0.72,,0.08,0.42,0.5
Ti0.44Nb0.48Fe0.08,0.715,,0.08,0.44,0.48
Ti0.46Nb0.46Fe0.08,0.71,,0.08,0.46,0.46
Ti0.48Nb0.44Fe0.08,0.64,,0.08,0.48,0.44
Ti0.5Nb0.42Fe0.08,0.64,,0.08,0.5,0.42
Ti0.52Nb0.4Fe0.08,0.64,,0.08,0.52,0.4
Ti0.54Nb0.38Fe0.08,0.64,,0.08,0.54,0.38
Ti0.56Nb0.36Fe0.08,0.64,,0.08,0.56,0.36
Ti0.58Nb0.34Fe0.08,0.64,,0.08,0.58,0.34
Ti0.6Nb0.32Fe0.08,0.645,,0.08,0.6,0.32
Ti0.62Nb0.3Fe0.08,0.63,,0.08,0.62,0.3
Ti0.64Nb0.28Fe0.08,0.625,,0.08,0.64,0.28
Ti0.66Nb0.26Fe0.08,0.63,,0.08,0.66,0.26
Ti0.68Nb0.24Fe0.08,0.645,,0.08,0.68,0.24
Ti0.7Nb0.22Fe0.08,0.64,,0.08,0.7,0.22
Ti0.72Nb0.2Fe0.08,0.635,,0.08,0.72,0.2
Ti0.74Nb0.18Fe0.08,0.62,,0.08,0.74,0.18
Ti0.76Nb0.16Fe0.08,0.6,,0.08,0.76,0.16
Ti0.78Nb0.14Fe0.08,0.585,,0.08,0.78,0.14
Ti0.8Nb0.12Fe0.08,0.555,,0.08,0.8,0.12
Ti0.82Nb0.1Fe0.08,0.565,,0.08,0.82,0.1
Ti0.84Nb0.08Fe0.08,0.56,,0.08,0.84,0.08
Ti0.86Nb0.06Fe0.08,0.525,,0.08,0.86,0.06
Ti0.88Nb0.04Fe0.08,0.485,,0.08,0.88,0.04
Ti0.9Nb0.02Fe0.08,0.47,,0.08,0.9,0.02
Ti0.02Nb0.92Fe0.06,0.57,,0.06,0.02,0.92
Ti0.04Nb0.9Fe0.06,0.61,,0.06,0.04,0.9
Ti0.06Nb0.88Fe0.06,0.6,,0.06,0.06,0.88
Ti0.08Nb0.86Fe0.06,0.64,,0.06,0.08,0.86
Ti0.1Nb0.84Fe0.06,0.69,,0.06,0.1,0.84
Ti0.12Nb0.82Fe0.06,0.695,,0.06,0.12,0.82
Ti0.14Nb0.8Fe0.06,0.69,,0.06,0.14,0.8
Ti0.16Nb0.78Fe0.06,0.705,,0.06,0.16,0.78
Ti0.18Nb0.76Fe0.06,0.715,,0.06,0.18,0.76
Ti0.2Nb0.74Fe0.06,0.725,,0.06,0.2,0.74
Ti0.22Nb0.72Fe0.06,0.715,,0.06,0.22,0.72
Ti0.24Nb0.7Fe0.06,0.705,,0.06,0.24,0.7
Ti0.26Nb0.68Fe0.06,0.71,,0.06,0.26,0.68
Ti0.28Nb0.66Fe0.06,0.71,,0.06,0.28,0.66
Ti0.3Nb0.64Fe0.06,0.725,,0.06,0.3,0.64
Ti0.32Nb0.62Fe0.06,0.735,,0.06,0.32,0.62
Ti0.34Nb0.6Fe0.06,0.735,,0.06,0.34,0.6
Ti0.36Nb0.58Fe0.06,0.725,,0.06,0.36,0.58
Ti0.38Nb0.56Fe0.06,0.73,,0.06,0.38,0.56
Ti0.4Nb0.54Fe0.06,0.725,,0.06,0.4,0.54
Ti0.42Nb0.52Fe0.06,0.72,,0.06,0.42,0.52
Ti0.44Nb0.5Fe0.06,0.715,,0.06,0.44,0.5
Ti0.46Nb0.48Fe0.06,0.715,,0.06,0.46,0.48
Ti0.48Nb0.46Fe0.06,0.63,,0.06,0.48,0.46
Ti0.5Nb0.44Fe0.06,0.64,,0.06,0.5,0.44
Ti0.52Nb0.42Fe0.06,0.635,,0.06,0.52,0.42
Ti0.54Nb0.4Fe0.06,0.635,,0.06,0.54,0.4
Ti0.56Nb0.38Fe0.06,0.63,,0.06,0.56,0.38
Ti0.58Nb0.36Fe0.06,0.63,,0.06,0.58,0.36
Ti0.6Nb0.34Fe0.06,0.635,,0.06,0.6,0.34
Ti0.62Nb0.32Fe0.06,0.635,,0.06,0.62,0.32
Ti0.64Nb0.3Fe0.06,0.615,,0.06,0.64,0.3
Ti0.66Nb0.28Fe0.06,0.62,,0.06,0.66,0.28
Ti0.68Nb0.26Fe0.06,0.635,,0.06,0.68,0.26
Ti0.7Nb0.24Fe0.06,0.62,,0.06,0.7,0.24
Ti0.72Nb0.22Fe0.06,0.615,,0.06,0.72,0.22
Ti0.74Nb0.2Fe0.06,0.615,,0.06,0.74,0.2
Ti0.76Nb0.18Fe0.06,0.59,,0.06,0.76,0.18
Ti0.78Nb0.16Fe0.06,0.58,,0.06,0.78,0.16
Ti0.8Nb0.14Fe0.06,0.555,,0.06,0.8,0.14
Ti0.82Nb0.12Fe0.06,0.535,,0.06,0.82,0.12
Ti0.84Nb0.1Fe0.06,0.54,,0.06,0.84,0.1
Ti0.86Nb0.08Fe0.06,0.515,,0.06,0.86,0.08
Ti0.88Nb0.06Fe0.06,0.485,,0.06,0.88,0.06
Ti0.9Nb0.04Fe0.06,0.44,,0.06,0.9,0.04
Ti0.92Nb0.02Fe0.06,0.415,,0.06,0.92,0.02
Ti0.02Nb0.94Fe0.04,0.535,,0.04,0.02,0.94
Ti0.04Nb0.92Fe0.04,0.56,,0.04,0.04,0.92
Ti0.06Nb0.9Fe0.04,0.59,,0.04,0.06,0.9
Ti0.08Nb0.88Fe0.04,0.6,,0.04,0.08,0.88
Ti0.1Nb0.86Fe0.04,0.645,,0.04,0.1,0.86
Ti0.12Nb0.84Fe0.04,0.675,,0.04,0.12,0.84
Ti0.14Nb0.82Fe0.04,0.675,,0.04,0.14,0.82
Ti0.16Nb0.8Fe0.04,0.675,,0.04,0.16,0.8
Ti0.18Nb0.78Fe0.04,0.69,,0.04,0.18,0.78
Ti0.2Nb0.76Fe0.04,0.7,,0.04,0.2,0.76
Ti0.22Nb0.74Fe0.04,0.715,,0.04,0.22,0.74
Ti0.24Nb0.72Fe0.04,0.695,,0.04,0.24,0.72
Ti0.26Nb0.7Fe0.04,0.685,,0.04,0.26,0.7
Ti0.28Nb0.68Fe0.04,0.71,,0.04,0.28,0.68
Ti0.3Nb0.66Fe0.04,0.71,,0.04,0.3,0.66
Ti0.32Nb0.64Fe0.04,0.735,,0.04,0.32,0.64
Ti0.34Nb0.62Fe0.04,0.745,,0.04,0.34,0.62
Ti0.36Nb0.6Fe0.04,0.735,,0.04,0.36,0.6
Ti0.38Nb0.58Fe0.04,0.725,,0.04,0.38,0.58
Ti0.4Nb0.56Fe0.04,0.725,,0.04,0.4,0.56
Ti0.42Nb0.54Fe0.04,0.715,,0.04,0.42,0.54
Ti0.44Nb0.52Fe0.04,0.715,,0.04,0.44,0.52
Ti0.46Nb0.5Fe0.04,0.715,,0.04,0.46,0.5
Ti0.48Nb0.48Fe0.04,0.71,,0.04,0.48,0.48
Ti0.5Nb0.46Fe0.04,0.625,,0.04,0.5,0.46
Ti0.52Nb0.44Fe0.04,0.63,,0.04,0.52,0.44
Ti0.54Nb0.42Fe0.04,0.63,,0.04,0.54,0.42
Ti0.56Nb0.4Fe0.04,0.63,,0.04,0.56,0.4
Ti0.58Nb0.38Fe0.04,0.63,,0.04,0.58,0.38
Ti0.6Nb0.36Fe0.04,0.635,,0.04,0.6,0.36
Ti0.62Nb0.34Fe0.04,0.64,,0.04,0.62,0.34
Ti0.64Nb0.32Fe0.04,0.625,,0.04,0.64,0.32
Ti0.66Nb0.3Fe0.04,0.62,,0.04,0.66,0.3
Ti0.68Nb0.28Fe0.04,0.625,,0.04,0.68,0.28
Ti0.7Nb0.26Fe0.04,0.625,,0.04,0.7,0.26
Ti0.72Nb0.24Fe0.04,0.625,,0.04,0.72,0.24
Ti0.74Nb0.22Fe0.04,0.625,,0.04,0.74,0.22
Ti0.76Nb0.2Fe0.04,0.615,,0.04,0.76,0.2
Ti0.78Nb0.18Fe0.04,0.605,,0.04,0.78,0.18
Ti0.8Nb0.16Fe0.04,0.575,,0.04,0.8,0.16
Ti0.82Nb0.14Fe0.04,0.55,,0.04,0.82,0.14
Ti0.84Nb0.12Fe0.04,0.52,,0.04,0.84,0.12
Ti0.86Nb0.1Fe0.04,0.515,,0.04,0.86,0.1
Ti0.88Nb0.08Fe0.04,0.485,,0.04,0.88,0.08
Ti0.9Nb0.06Fe0.04,0.45,,0.04,0.9,0.06
Ti0.92Nb0.04Fe0.04,0.42,,0.04,0.92,0.04
Ti0.94Nb0.02Fe0.04,0.395,,0.04,0.94,0.02
Ti0.02Nb0.96Fe0.02,0.495,,0.02,0.02,0.96
Ti0.04Nb0.94Fe0.02,0.495,,0.02,0.04,0.94
Ti0.06Nb0.92Fe0.02,0.535,,0.02,0.06,0.92
Ti0.08Nb0.9Fe0.02,0.55,,0.02,0.08,0.9
Ti0.1Nb0.88Fe0.02,0.565,,0.02,0.1,0.88
Ti0.12Nb0.86Fe0.02,0.615,,0.02,0.12,0.86
Ti0.14Nb0.84Fe0.02,0.65,,0.02,0.14,0.84
Ti0.16Nb0.82Fe0.02,0.66,,0.02,0.16,0.82
Ti0.18Nb0.8Fe0.02,0.665,,0.02,0.18,0.8
Ti0.2Nb0.78Fe0.02,0.675,,0.02,0.2,0.78
Ti0.22Nb0.76Fe0.02,0.695,,0.02,0.22,0.76
Ti0.24Nb0.74Fe0.02,0.705,,0.02,0.24,0.74
Ti0.26Nb0.72Fe0.02,0.69,,0.02,0.26,0.72
Ti0.28Nb0.7Fe0.02,0.685,,0.02,0.28,0.7
Ti0.3Nb0.68Fe0.02,0.705,,0.02,0.3,0.68
Ti0.32Nb0.66Fe0.02,0.7,,0.02,0.32,0.66
Ti0.34Nb0.64Fe0.02,0.705,,0.02,0.34,0.64
Ti0.36Nb0.62Fe0.02,0.71,,0.02,0.36,0.62
Ti0.38Nb0.6Fe0.02,0.72,,0.02,0.38,0.6
Ti0.4Nb0.58Fe0.02,0.72,,0.02,0.4,0.58
Ti0.42Nb0.56Fe0.02,0.715,,0.02,0.42,0.56
Ti0.44Nb0.54Fe0.02,0.695,,0.02,0.44,0.54
Ti0.46Nb0.52Fe0.02,0.695,,0.02,0.46,0.52
Ti0.48Nb0.5Fe0.02,0.695,,0.02,0.48,0.5
Ti0.5Nb0.48Fe0.02,0.615,,0.02,0.5,0.48
Ti0.52Nb0.46Fe0.02,0.615,,0.02,0.52,0.46
Ti0.54Nb0.44Fe0.02,0.62,,0.02,0.54,0.44
Ti0.56Nb0.42Fe0.02,0.63,,0.02,0.56,0.42
Ti0.58Nb0.4Fe0.02,0.63,,0.02,0.58,0.4
Ti0.6Nb0.38Fe0.02,0.635,,0.02,0.6,0.38
Ti0.62Nb0.36Fe0.02,0.63,,0.02,0.62,0.36
Ti0.64Nb0.34Fe0.02,0.62,,0.02,0.64,0.34
Ti0.66Nb0.32Fe0.02,0.63,,0.02,0.66,0.32
Ti0.68Nb0.3Fe0.02,0.62,,0.02,0.68,0.3
Ti0.7Nb0.28Fe0.02,0.615,,0.02,0.7,0.28
Ti0.72Nb0.26Fe0.02,0.62,,0.02,0.72,0.26
Ti0.74Nb0.24Fe0.02,0.62,,0.02,0.74,0.24
Ti0.76Nb0.22Fe0.02,0.595,,0.02,0.76,0.22
Ti0.78Nb0.2Fe0.02,0.595,,0.02,0.78,0.2
Ti0.8Nb0.18Fe0.02,0.56,,0.02,0.8,0.18
Ti0.82Nb0.16Fe0.02,0.55,,0.02,0.82,0.16
Ti0.84Nb0.14Fe0.02,0.535,,0.02,0.84,0.14
Ti0.86Nb0.12Fe0.02,0.48,,0.02,0.86,0.12
Ti0.88Nb0.1Fe0.02,0.455,,0.02,0.88,0.1
Ti0.9Nb0.08Fe0.02,0.44,,0.02,0.9,0.08
Ti0.92Nb0.06Fe0.02,0.395,,0.02,0.92,0.06
Ti0.94Nb0.04Fe0.02,0.365,,0.02,0.94,0.04
Ti0.96Nb0.02Fe0.02,0.35,,0.02,0.96,0.02
